"City Point Beach, South Boston: Bacterial Water Quality",,,,,
,,,,City Point at Farragut Road,
Date,1-Day Rain,2-Day Rain,3-Day Rain,Tag,Enterococcus
"August 27, 2024",0,0,0,<,10
"August 20, 2024",0.01,0.12,0.15,,20
"August 13, 2024",0,0,0,,20
"August 7, 2024",0.21,0.82,0.82,<,10
"July 30, 2024",0,0.03,0.03,,10
"July 23, 2024",0.01,0.02,0.02,<,10
"July 16, 2024",0,0.04,0.04,,10
"July 9, 2024",0,0,0,<,10
"July 1, 2024",0.16,0.18,0.18,<,10
"June 26, 2024",1.97,1.97,2.07,,20
"June 18, 2024",0,0,0,,20
"June 11, 2024",0,0,0.23,<,10
"June 4, 2024",0,0,0,<,10
"May 28, 2024",0.14,0.4,0.52,,63
"May 21, 2024",0,0,0.08,,10
"August 29, 2023",0.29,0.29,0.29,,10
"August 22, 2023",0,0.28,0.28,<,10
"August 15, 2023",0.64,0.64,0.79,,10
"August 8, 2023",1.33,1.33,1.33,,41
"August 1, 2023",0,0,0,,10
"July 25, 2023",0.88,0.88,0.88,,10
"July 18, 2023",0,0,1.6,,31
"July 11, 2023",0,0.71,0.71,<,10
"July 5, 2023",0,0.47,1.46,<,10
"June 27, 2023",0.55,0.55,0.57,<,10
"June 20, 2023",0,0,0.04,<,10
"June 13, 2023",0.01,0.35,0.35,<,10
"June 6, 2023",0,0.07,0.17,,20
"May 30, 2023",0,0,0,,10
"September 1, 2022",0,0.33,0.33,<,2
"August 25, 2022",0,0,0.02,<,2
"August 18, 2022",0,0.01,0.01,,2
"August 11, 2022",0,0,0.14,,67
"August 4, 2022",0,0,0,<,2
"July 28, 2022",0.04,0.04,0.04,,4
"July 21, 2022",0,0,0.02,,10
"July 14, 2022",0.16,0.16,0.17,<,2
"July 7, 2022",0,0.01,0.05,<,2
"June 30, 2022",0,0,0,<,2
"June 23, 2022",0,0,0,<,2
"June 16, 2022",0,0,0,<,2
"June 9, 2022",0.85,1.08,1.08,,37
"June 2, 2022",0.1,0.19,0.19,<,2
"May 26, 2022",0,0,0,<,2
"September 3, 2021",0,2.54,4.23,,6
"August 26, 2021",0,0,0,,5
"August 19, 2021",1.14,1.14,1.14,<,2
"August 12, 2021",0,0,0.03,,4
"August 5, 2021",1.42,2,2,,11
"July 29, 2021",0.01,0.01,0.39,,7
"July 22, 2021",0,0,0,,2
"July 15, 2021",0,0,0.01,,8
"July 10, 2021",0.05,2.09,2.39,,46
"July 8, 2021",0.3,0.33,0.62,<,2
"July 2, 2021",1.67,2.95,3.11,,8
"July 1, 2021",1.28,1.44,1.44,,11
"June 24, 2021",0,0,0.91,,2
"June 17, 2021",0,0,0.01,<,2
"June 10, 2021",0,0.05,0.05,<,2
"June 3, 2021",0,0,0,<,2
"May 27, 2021",0.01,0.29,0.29,<,2
"September 3, 2020",0.01,0.21,0.21,,2
"August 27, 2020",0.18,0.18,0.18,<,2
"August 20, 2020",0,0.06,0.22,,2
"August 13, 2020",0,0,0,,4
"August 6, 2020",0,0,0.17,,4
"July 30, 2020",0,0,0,<,2
"July 23, 2020",0.57,0.68,0.68,<,2
"July 16, 2020",0,0.07,0.69,<,2
"July 9, 2020",0,0,0,,2
"July 2, 2020",0,0.07,0.25,,2
"June 25, 2020",0,0.01,0.01,<,2
"June 18, 2020",0,0,0,<,2
"June 11, 2020",0.74,0.74,0.74,,2
"June 4, 2020",0,0.01,0.03,<,2
"May 28, 2020",0,0,0,,10
"May 20, 2020",0,0,0,<,2
"August 29, 2019",0.3,0.95,0.95,,4
"August 22, 2019",0,0.08,0.08,,6
"August 15, 2019",0,0,0,<,2
"August 8, 2019",0.38,2.28,2.28,,3
"August 1, 2019",0,1.25,1.25,,38
"July 25, 2019",0,0,1.03,<,2
"July 18, 2019",0.04,0.47,0.47,,2
"July 11, 2019",0.02,0.02,0.02,,2
"July 2, 2019",0,0,0.16,,8
"June 27, 2019",0,0,0.13,,8
"June 20, 2019",0.37,0.37,0.47,<,2
"June 13, 2019",0.63,0.63,1.16,,4
"June 6, 2019",0.01,0.06,0.06,,17
"May 30, 2019",0.23,0.23,0.53,,17
"May 23, 2019",0.12,0.12,0.12,,4
"August 30, 2018",0,0,0,<,2
"August 23, 2018",0,0.5,0.5,<,2
"August 16, 2018",0,0,0.01,,2
"August 9, 2018",0.06,1.04,1.04,,68
"August 2, 2018",0,0,0,,4
"July 27, 2018",0,0.6,0.74,,3
"July 26, 2018",0.6,0.74,0.74,,408
"July 19, 2018",0,0.06,2.74,,5
"July 18, 2018",0.06,2.74,2.74,,2
"July 12, 2018",0,0.19,0.19,,2
"July 5, 2018",0,0,0.01,<,2
"June 21, 2018",0,0,0.01,<,2
"June 14, 2018",0,0,0,,2
"June 7, 2018",0,0,0.34,,92
"May 31, 2018",0,0,0,<,2
"May 24, 2018",0,0.02,0.05,<,2
"August 31, 2017",0,0.07,0.07,<,2
"August 24, 2017",0,0.04,0.04,<,2
"August 17, 2017",0,0,0,<,2
"August 10, 2017",0,0,0,<,2
"August 4, 2017",0,0,0.96,,4
"August 3, 2017",0,0.96,0.96,,106
"July 27, 2017",0.04,0.04,0.05,,2
"July 20, 2017",0,0,0.12,,10
"July 13, 2017",0.14,1.47,1.64,<,2
"July 6, 2017",0,0,0,<,2
"June 29, 2017",0,0,0.08,,2
"June 22, 2017",0,0,0.13,,2
"June 15, 2017",0,0,0.53,,13
"June 8, 2017",0,0.04,0.84,<,2
"June 1, 2017",0.16,0.22,0.22,<,2
"May 25, 2017",0.63,0.63,0.63,<,2
"September 1, 2016",0.02,0.02,0.02,,7
"August 25, 2016",0,0,0,<,2
"August 18, 2016",0,0,0,<,2
"August 11, 2016",0,0.23,0.23,,2
"August 4, 2016",0,0,0.04,<,10
"July 28, 2016",0,0,0,,5
"July 21, 2016",0,0,0,,14
"July 14, 2016",0,0,0,,2
"July 7, 2016",0,0,0.23,,22
"June 30, 2016",0,0.03,0.11,<,2
"June 23, 2016",0,0,0.02,<,2
"June 16, 2016",0,0,0,<,2
"June 9, 2016",0,0,0.15,<,2
"June 2, 2016",0,0,0,<,2
"May 26, 2016",0,0,0.26,,2
"September 3, 2015",0.01,0.01,0.01,,2
"August 27, 2015",0,0,0,,2
"August 20, 2015",0,0,0.14,<,2
"August 13, 2015",0,0,0.83,<,2
"August 6, 2015",0,0,0.49,,4
"July 30, 2015",0.02,0.02,0.02,,4
"July 23, 2015",0,0,0,<,2
"July 16, 2015",0,0,0.03,<,2
"July 9, 2015",0.15,0.15,0.17,,5
"July 2, 2015",0,0.54,0.54,<,2
"June 25, 2015",0,0,0.01,<,2
"June 18, 2015",0,0,0,<,2
"June 11, 2015",0,0,0,,2
"June 4, 2015",0,0,0.74,,4
"May 28, 2015",0,0,0,<,2
"May 21, 2015",0,0,0.27,,4
"August 28, 2014",0,0.02,0.02,<,2
"August 21, 2014",0,0,0,,4
"August 14, 2014",0,1.06,1.06,,8
"August 7, 2014",0.01,0.02,0.02,,43
"July 31, 2014",0,0,0,,2
"July 24, 2014",0,0,0,<,2
"July 17, 2014",0,0.85,0.85,,20
"July 10, 2014",0,0,0,<,2
"July 5, 2014",0.35,2.23,2.51,,14
"July 2, 2014",0,0,0,<,2
"June 26, 2014",0.28,0.28,0.28,<,2
"June 19, 2014",0,0,0.02,<,2
"June 12, 2014",0,0,0.85,<,2
"June 5, 2014",0.78,0.92,0.92,<,2
"May 29, 2014",0,0.08,0.56,,2
"May 22, 2014",0.25,0.25,0.25,<,2
"August 30, 2013",0,0,0,<,2
"August 29, 2013",0,0,0.01,,4
"August 28, 2013",0,0.01,0.02,,10
"August 27, 2013",0.01,0.02,0.02,,10
"August 26, 2013",0.01,0.01,0.01,<,10
"August 25, 2013",0,0,0,,4
"August 24, 2013",0,0,0,<,2
"August 23, 2013",0,0,0,,2
"August 22, 2013",0,0,0,,2
"August 21, 2013",0,0,0,,8
"August 20, 2013",0,0,0,<,10
"August 19, 2013",0,0,0,<,10
"August 18, 2013",0,0,0,<,10
"August 17, 2013",0,0,0,<,10
"August 16, 2013",0,0,0,<,2
"August 15, 2013",0,0,0,<,2
"August 14, 2013",0,0,0,<,10
"August 13, 2013",0,0,0,<,10
"August 12, 2013",0,0,0,,2
"August 11, 2013",0,0,1.62,<,2
"August 10, 2013",0,1.62,1.69,<,2
"August 9, 2013",1.62,1.69,1.69,,10
"August 8, 2013",0.07,0.07,0.07,,6
"August 7, 2013",0,0,0,<,2
"August 6, 2013",0,0,0,<,10
"August 5, 2013",0,0,0,,10
"August 4, 2013",0,0,0.13,,10
"August 3, 2013",0,0.13,0.13,<,10
"August 2, 2013",0.13,0.13,0.13,,2
"August 1, 2013",0,0,0,<,2
"July 31, 2013",0,0,0.33,,10
"July 30, 2013",0,0.33,0.34,,20
"July 29, 2013",0.33,0.34,0.34,,10
"July 28, 2013",0.01,0.01,1.01,<,10
"July 27, 2013",0,1,1.27,,10
"July 26, 2013",1,1.27,1.27,,2
"July 25, 2013",0.27,0.27,2.03,,2
"July 24, 2013",0,1.76,1.76,,10
"July 23, 2013",1.76,1.76,1.77,<,2
"July 22, 2013",0,0.01,0.01,,10
"July 21, 2013",0.01,0.01,0.01,<,10
"July 20, 2013",0,0,0,,20
"July 19, 2013",0,0,0,,2
"July 18, 2013",0,0,0.01,,2
"July 17, 2013",0,0.01,0.01,<,10
"July 16, 2013",0.01,0.01,0.01,<,10
"July 15, 2013",0,0,0,<,10
"July 14, 2013",0,0,0,<,10
"July 13, 2013",0,0,0.17,<,2
"July 12, 2013",0,0.17,0.18,,2
"July 11, 2013",0.17,0.18,0.18,,57
"July 10, 2013",0.01,0.01,0.02,,6
"July 9, 2013",0,0.01,0.01,,2
"July 8, 2013",0.01,0.01,0.01,<,2
"July 7, 2013",0,0,0,<,10
"July 6, 2013",0,0,0,<,10
"July 5, 2013",0,0,0,<,2
"July 3, 2013",0,0,0.03,<,2
"July 2, 2013",0,0.03,0.14,,12
"July 1, 2013",0.03,0.14,0.21,<,10
"June 30, 2013",0.11,0.18,0.63,<,10
"June 29, 2013",0.07,0.52,0.55,,10
"June 28, 2013",0.45,0.48,0.52,,12
"June 27, 2013",0.03,0.07,0.07,,6
"June 26, 2013",0.04,0.04,0.37,,6
"June 25, 2013",0,0.33,0.33,<,2
"June 24, 2013",0.33,0.33,0.33,<,2
"June 23, 2013",0,0,0,<,10
"June 22, 2013",0,0,0,,20
"June 21, 2013",0,0,0,,4
"June 20, 2013",0,0,0.63,,8
"June 15, 2013",0,1.02,1.74,<,2
"June 14, 2013",1.02,1.74,1.81,<,2
"June 13, 2013",0.72,0.79,2.17,,10
"June 9, 2013",0,0.54,3.61,,2
"June 8, 2013",0.54,3.61,3.63,,2
"June 6, 2013",0.02,0.02,0.02,,2
"May 30, 2013",0,0.84,0.84,<,2
"May 23, 2013",0.05,0.1,0.11,,4
"August 31, 2012",0,0,0,<,2
"August 30, 2012",0,0,0.15,<,2
"August 29, 2012",0,0.15,0.15,<,10
"August 28, 2012",0.15,0.15,0.15,<,10
"August 27, 2012",0,0,0,<,10
"August 26, 2012",0,0,0,<,10
"August 25, 2012",0,0,0,<,10
"August 24, 2012",0,0,0,,2
"August 23, 2012",0,0,0,<,2
"August 22, 2012",0,0,0,<,10
"August 21, 2012",0,0,0,,10
"August 20, 2012",0,0,0.04,,41
"August 19, 2012",0,0.04,0.04,,4
"August 18, 2012",0.04,0.04,0.04,<,2
"August 17, 2012",0,0,0.83,<,2
"August 16, 2012",0,0.83,0.83,,22
"August 15, 2012",0.83,0.83,0.83,,31
"August 14, 2012",0,0,0.01,<,10
"August 13, 2012",0,0.01,0.01,<,10
"August 12, 2012",0.01,0.01,1.18,<,10
"August 11, 2012",0,1.17,1.17,<,10
"August 10, 2012",1.17,1.17,1.17,,4
"August 9, 2012",0,0,0,,6
"August 8, 2012",0,0,0,<,10
"August 7, 2012",0,0,0.08,<,10
"August 6, 2012",0,0.08,0.08,<,10
"August 5, 2012",0.08,0.08,0.08,<,10
"August 4, 2012",0,0,0,<,10
"August 3, 2012",0,0,0.8,<,2
"August 2, 2012",0,0.8,1.28,,18
"August 1, 2012",0.8,1.28,1.28,<,2
"July 31, 2012",0.48,0.48,0.48,,10
"July 30, 2012",0,0,0.87,<,10
"July 29, 2012",0,0.87,0.89,<,10
"July 28, 2012",0.87,0.89,0.89,<,10
"July 27, 2012",0.02,0.02,0.02,<,2
"July 26, 2012",0,0,0.55,,2
"July 25, 2012",0,0.55,0.57,<,10
"July 24, 2012",0.55,0.57,0.57,<,10
"July 23, 2012",0.02,0.02,0.02,<,10
"July 22, 2012",0,0,0,<,10
"July 21, 2012",0,0,0.06,,32
"July 20, 2012",0,0.06,1.8,,2
"July 19, 2012",0.06,1.8,1.8,,12
"July 18, 2012",1.74,1.74,1.74,,2
"July 17, 2012",0,0,0,<,2
"July 16, 2012",0,0,0,<,10
"July 15, 2012",0,0,0,,10
"July 14, 2012",0,0,0,,20
"July 13, 2012",0,0,0,,20
"July 12, 2012",0,0,0,<,2
"July 11, 2012",0,0,0,<,10
"July 10, 2012",0,0,0,<,10
"July 9, 2012",0,0,0,<,10
"July 8, 2012",0,0,0,<,10
"July 7, 2012",0,0,0,<,10
"July 6, 2012",0,0,0.14,<,2
"July 5, 2012",0,0.14,0.14,<,2
"July 4, 2012",0.14,0.14,0.14,,4
"July 3, 2012",0,0,0,,2
"July 2, 2012",0,0,0,,4
"July 1, 2012",0,0,0.05,<,10
"June 30, 2012",0,0.05,0.05,<,10
"June 29, 2012",0.05,0.05,0.05,,2
"June 28, 2012",0,0,0.06,,86
"June 27, 2012",0,0.06,0.99,<,10
"June 26, 2012",0.06,0.99,0.99,,10
"June 25, 2012",0.93,0.93,2.12,<,10
"June 24, 2012",0,1.19,1.21,<,10
"June 23, 2012",1.19,1.21,1.21,<,10
"June 22, 2012",0.02,0.02,0.02,<,2
"June 21, 2012",0,0,0,<,2
"June 14, 2012",0,0.7,0.71,<,2
"June 7, 2012",0.04,0.04,0.17,,10
"May 31, 2012",0,0,0.17,,2
"May 24, 2012",0,0,0.58,,2
"September 4, 2011",0,0,0,<,10
"September 3, 2011",0,0,0,<,10
"September 2, 2011",0,0,0,,12
"September 1, 2011",0,0,0,,4
"August 31, 2011",0,0,0,<,10
"August 30, 2011",0,0,0.91,<,10
"August 29, 2011",0,0.91,1.68,,20
"August 27, 2011",0.77,0.8,0.86,<,10
"August 26, 2011",0.03,0.09,0.09,,8
"August 25, 2011",0.06,0.06,0.06,,2
"August 24, 2011",0,0,0.59,<,10
"August 23, 2011",0,0.59,0.59,<,10
"August 22, 2011",0.59,0.59,0.59,,10
"August 21, 2011",0,0,0.03,,10
"August 20, 2011",0,0.03,0.03,,10
"August 19, 2011",0.03,0.03,0.03,<,2
"August 18, 2011",0,0,0.01,,2
"August 17, 2011",0,0.01,1.44,<,10
"August 16, 2011",0.01,1.44,1.46,<,10
"August 15, 2011",1.43,1.45,1.45,<,10
"August 14, 2011",0.02,0.02,0.02,,20
"August 13, 2011",0,0,0,<,10
"August 12, 2011",0,0,0.73,<,2
"August 11, 2011",0,0.73,1.94,,8
"August 10, 2011",0.73,1.94,2.23,,20
"August 9, 2011",1.21,1.5,2.56,<,10
"August 8, 2011",0.29,1.35,1.35,,20
"August 7, 2011",1.06,1.06,1.06,<,10
"August 6, 2011",0,0,0,,41
"August 5, 2011",0,0,0,<,2
"August 4, 2011",0,0,0.6,,24
"August 3, 2011",0,0.6,0.6,,10
"August 2, 2011",0.6,0.6,0.6,<,10
"August 1, 2011",0,0,0,<,10
"July 31, 2011",0,0,0.14,<,10
"July 30, 2011",0,0.14,0.14,,20
"July 29, 2011",0.14,0.14,0.14,,8
"July 28, 2011",0,0,0.01,,2
"July 27, 2011",0,0.01,0.16,,10
"July 26, 2011",0.01,0.16,0.18,<,10
"July 25, 2011",0.15,0.17,0.28,<,10
"July 24, 2011",0.02,0.13,0.13,<,10
"July 23, 2011",0.11,0.11,0.11,<,10
"July 22, 2011",0,0,0,<,2
"July 21, 2011",0,0,0,,6
"July 20, 2011",0,0,0,<,10
"July 19, 2011",0,0,0,<,10
"July 18, 2011",0,0,0,,20
"July 17, 2011",0,0,0,<,10
"July 16, 2011",0,0,0.72,<,10
"July 15, 2011",0,0.72,1.17,,123
"July 14, 2011",0.72,1.17,1.17,<,2
"July 13, 2011",0.45,0.45,0.45,<,10
"July 12, 2011",0,0,0,,10
"July 11, 2011",0,0,0.12,<,10
"July 10, 2011",0,0.12,0.41,<,10
"July 9, 2011",0.12,0.41,0.41,<,10
"July 8, 2011",0.29,0.29,0.29,,8
"July 7, 2011",0,0,0,,2
"July 6, 2011",0,0,0,,41
"July 5, 2011",0,0,0.03,<,10
"July 4, 2011",0,0.03,0.03,<,10
"July 3, 2011",0.03,0.03,0.03,<,10
"July 2, 2011",0,0,0,<,10
"July 1, 2011",0,0,0.18,<,2
"June 30, 2011",0,0.18,0.18,,2
"June 29, 2011",0.18,0.18,0.18,,10
"June 28, 2011",0,0,0,<,10
"June 27, 2011",0,0,0.27,,31
"June 26, 2011",0,0.27,0.28,<,10
"June 25, 2011",0.27,0.28,0.45,<,10
"June 24, 2011",0.01,0.18,2,,28
"June 23, 2011",0.17,1.99,1.99,<,2
"June 17, 2011",0.04,0.04,0.04,,2
"June 16, 2011",0,0,0.04,,2
"June 9, 2011",0.51,0.51,0.51,<,2
"June 2, 2011",0,0.56,0.56,,23
"May 26, 2011",0,0,0.17,<,2
"September 2, 2010",0,0,0,,2
"September 1, 2010",0,0,0,<,10
"August 31, 2010",0,0,0,<,10
"August 30, 2010",0,0,0,,20
"August 29, 2010",0,0,0,,10
"August 28, 2010",0,0,0,<,10
"August 27, 2010",0,0,2.76,,6
"August 26, 2010",0,2.76,3.54,,13
"August 25, 2010",2.76,3.54,4.24,,226
"August 24, 2010",0.78,1.48,1.72,,63
"August 23, 2010",0.7,0.94,0.94,,41
"August 22, 2010",0.24,0.24,0.24,,10
"August 21, 2010",0,0,0,<,10
"August 20, 2010",0,0,0,,4
"August 19, 2010",0,0,0,<,2
"August 18, 2010",0,0,0.21,<,10
"August 17, 2010",0,0.21,0.21,<,10
"August 16, 2010",0.21,0.21,0.21,,10
"August 15, 2010",0,0,0,,20
"August 14, 2010",0,0,0,<,10
"August 13, 2010",0,0,0,,6
"August 12, 2010",0,0,0.07,,2
"August 11, 2010",0,0.07,0.07,<,10
"August 10, 2010",0.07,0.07,0.07,<,10
"August 9, 2010",0,0,0,,85
"August 8, 2010",0,0,0,,20
"August 7, 2010",0,0,0.99,,20
"August 6, 2010",0,0.99,0.99,,22
"August 5, 2010",0.99,0.99,0.99,,2
"August 4, 2010",0,0,0,<,10
"August 3, 2010",0,0,0,<,10
"August 2, 2010",0,0,0,,10
"August 1, 2010",0,0,0,,20
"July 31, 2010",0,0,0.04,,10
"July 30, 2010",0,0.04,0.04,,4
"July 29, 2010",0.04,0.04,0.04,,27
"July 28, 2010",0,0,0,,10
"July 27, 2010",0,0,0,<,10
"July 26, 2010",0,0,0,<,10
"July 25, 2010",0,0,0.49,,10
"July 24, 2010",0,0.49,0.49,<,10
"July 23, 2010",0.49,0.49,0.54,<,2
"July 22, 2010",0,0.05,0.05,<,2
"July 21, 2010",0.05,0.05,0.05,<,10
"July 20, 2010",0,0,0,<,10
"July 19, 2010",0,0,0,<,10
"July 18, 2010",0,0,0.02,,10
"July 17, 2010",0,0.02,0.02,,20
"July 16, 2010",0.02,0.02,0.13,,420
"July 15, 2010",0,0.11,0.15,,20
"July 14, 2010",0.11,0.15,0.4,<,10
"July 13, 2010",0.04,0.29,0.3,,10
"July 12, 2010",0.25,0.26,1.91,<,10
"July 11, 2010",0.01,1.66,1.66,<,10
"July 10, 2010",1.65,1.65,1.65,,10
"July 9, 2010",0,0,0,,6
"July 8, 2010",0,0,0,<,2
"July 7, 2010",0,0,0,<,10
"July 6, 2010",0,0,0,<,10
"July 5, 2010",0,0,0,<,10
"July 4, 2010",0,0,0,<,10
"July 3, 2010",0,0,0,<,10
"July 2, 2010",0,0,0,<,2
"July 1, 2010",0,0,0,<,2
"June 30, 2010",0,0,0,<,10
"June 29, 2010",0,0,0,,10
"June 28, 2010",0,0,0,<,10
"June 27, 2010",0,0,0,<,10
"June 26, 2010",0,0,0.05,,10
"June 25, 2010",0,0.05,0.11,,2
"June 24, 2010",0.05,0.11,0.11,,340
"June 23, 2010",0.06,0.06,0.06,<,10
"June 22, 2010",0,0,0.16,,10
"June 21, 2010",0,0.16,0.16,,10
"June 20, 2010",0.16,0.16,0.16,,41
"June 19, 2010",0,0,0,<,10
"June 18, 2010",0,0,0.02,,2
"June 17, 2010",0,0.02,0.02,,8
"June 10, 2010",0.1,0.14,0.14,<,2
"June 7, 2010",0,0.71,1.42,,6
"June 3, 2010",0.7,0.7,1.13,<,2
"May 27, 2010",0.05,0.11,0.11,<,2
"September 5, 2009",0,0,0,<,10
"September 4, 2009",0,0,0,,6
"September 3, 2009",0,0,0,,2
"September 2, 2009",0,0,0,<,10
"September 1, 2009",0,0,0,<,10
"August 31, 2009",0,0,1.65,,10
"August 30, 2009",0,1.65,1.74,,52
"August 28, 2009",0.09,0.09,0.09,,4
"August 27, 2009",0,0,0,,2
"August 26, 2009",0,0,0.77,,677
"August 25, 2009",0,0.77,0.9,,10
"August 24, 2009",0.77,0.9,1.07,<,10
"August 23, 2009",0.13,0.3,0.3,<,10
"August 22, 2009",0.17,0.17,0.45,<,10
"August 21, 2009",0,0.28,0.28,,49
"August 20, 2009",0.28,0.28,0.28,,6
"August 19, 2009",0,0,0,,30
"August 18, 2009",0,0,0,,171
"August 17, 2009",0,0,0,,31
"August 16, 2009",0,0,0,<,10
"August 15, 2009",0,0,0.09,,41
"August 14, 2009",0,0.09,0.09,,4
"August 13, 2009",0.09,0.09,0.14,<,2
"August 12, 2009",0,0.05,0.06,,10
"August 11, 2009",0.05,0.06,0.06,,10
"August 10, 2009",0.01,0.01,0.01,,10
"August 9, 2009",0,0,0,,10
"August 8, 2009",0,0,0,<,10
"August 7, 2009",0,0,0,,13
"August 6, 2009",0,0,0,<,2
"August 5, 2009",0,0,0,<,10
"August 4, 2009",0,0,0,,20
"August 3, 2009",0,0,0,<,10
"August 2, 2009",0,0,0.44,,10
"August 1, 2009",0,0.44,0.95,,31
"July 31, 2009",0.44,0.95,0.95,<,2
"July 30, 2009",0.51,0.51,0.51,<,2
"July 29, 2009",0,0,0,<,10
"July 28, 2009",0,0,0.02,,20
"July 27, 2009",0,0.02,0.02,,20
"July 26, 2009",0.02,0.02,1.95,,10
"July 25, 2009",0,1.93,2.36,,20
"July 24, 2009",1.93,2.36,2.36,,100
"July 23, 2009",0.43,0.43,0.95,,18
"July 22, 2009",0,0.52,0.52,<,10
"July 21, 2009",0.52,0.52,0.52,<,10
"July 20, 2009",0,0,0.24,<,10
"July 19, 2009",0,0.24,0.24,,10
"July 18, 2009",0.24,0.24,0.24,<,10
"July 17, 2009",0,0,0,,2
"July 16, 2009",0,0,0,,2
"July 15, 2009",0,0,0,,10
"July 14, 2009",0,0,0.28,<,10
"July 13, 2009",0,0.28,0.64,<,10
"July 12, 2009",0.28,0.64,0.64,,305
"July 11, 2009",0.36,0.36,0.36,,20
"July 10, 2009",0,0,0.02,<,2
"July 9, 2009",0,0.02,0.71,<,2
"July 8, 2009",0.02,0.71,0.71,,10
"July 7, 2009",0.69,0.69,0.69,,10
"July 6, 2009",0,0,0,<,10
"July 5, 2009",0,0,0,<,10
"July 4, 2009",0,0,0.85,,20
"July 3, 2009",0,0.85,1.46,,57
"July 2, 2009",0.85,1.46,1.53,,354
"July 1, 2009",0.61,0.68,1.13,,10
"June 30, 2009",0.07,0.52,0.55,<,10
"June 29, 2009",0.45,0.48,0.48,<,10
"June 28, 2009",0.03,0.03,0.06,<,10
"June 27, 2009",0,0.03,0.08,<,10
"June 26, 2009",0.03,0.08,0.22,,18
"June 25, 2009",0.05,0.19,0.21,,2
"June 24, 2009",0.14,0.16,0.55,,41
"June 23, 2009",0.02,0.41,0.45,,120
"June 22, 2009",0.39,0.43,0.43,,30
"June 21, 2009",0.04,0.04,0.54,,10
"June 20, 2009",0,0.5,0.93,<,10
"June 19, 2009",0.5,0.93,0.93,<,10
"June 18, 2009",0.43,0.43,0.43,,4
"June 11, 2009",0.2,0.2,0.3,,2
"June 4, 2009",0,0,0,<,2
"May 29, 2009",0.13,0.13,0.29,,4
"May 21, 2009",0,0,0,,2
"August 31, 2008",0,0,0,,10
"August 30, 2008",0,0,0,<,10
"August 29, 2008",0,0,0,<,2
"August 28, 2008",0,0,0,,2
"August 27, 2008",0,0,0,,10
"August 26, 2008",0,0,0,,10
"August 25, 2008",0,0,0,<,10
"August 24, 2008",0,0,0,,10
"August 23, 2008",0,0,0,<,10
"August 22, 2008",0,0,0,,4
"August 21, 2008",0,0,0.01,<,2
"August 20, 2008",0,0.01,0.01,,20
"August 19, 2008",0.01,0.01,0.01,,20
"August 18, 2008",0,0,0,<,10
"August 17, 2008",0,0,0.35,<,10
"August 16, 2008",0,0.35,0.44,<,10
"August 15, 2008",0.35,0.44,0.44,,15
"August 14, 2008",0.09,0.09,0.19,,2
"August 13, 2008",0,0.1,0.16,<,10
"August 12, 2008",0.1,0.16,1.41,,30
"August 11, 2008",0.06,1.31,1.31,<,10
"August 10, 2008",1.25,1.25,2.56,<,10
"August 9, 2008",0,1.31,1.45,<,10
"August 8, 2008",1.31,1.45,1.73,,27
"August 7, 2008",0.14,0.42,0.42,<,2
"August 6, 2008",0.28,0.28,0.28,<,10
"August 5, 2008",0,0,0.33,<,10
"August 4, 2008",0,0.33,0.88,<,10
"August 3, 2008",0.33,0.88,0.88,,10
"August 2, 2008",0.55,0.55,0.59,<,10
"August 1, 2008",0,0.04,0.04,<,2
"July 31, 2008",0.04,0.04,0.04,,6
"July 30, 2008",0,0,0,,10
"July 29, 2008",0,0,0.19,<,10
"July 28, 2008",0,0.19,0.19,<,10
"July 27, 2008",0.19,0.19,0.19,<,10
"July 26, 2008",0,0,2.16,<,10
"July 25, 2008",0,2.16,2.82,<,10
"July 24, 2008",2.16,2.82,3.07,<,10
"July 23, 2008",0.66,0.91,1.05,,663
"July 22, 2008",0.25,0.39,1.54,<,10
"July 21, 2008",0.14,1.29,1.29,,52
"July 20, 2008",1.15,1.15,1.28,,10
"July 19, 2008",0,0.13,0.13,<,10
"July 18, 2008",0.13,0.13,0.13,<,2
"July 17, 2008",0,0,0,<,2
"July 16, 2008",0,0,0.07,<,10
"July 15, 2008",0,0.07,0.07,<,10
"July 14, 2008",0.07,0.07,0.07,<,10
"July 13, 2008",0,0,0,<,10
"July 12, 2008",0,0,0.01,<,10
"July 11, 2008",0,0.01,0.05,<,2
"July 10, 2008",0.01,0.05,0.05,,2
"July 9, 2008",0.04,0.04,0.04,<,10
"July 8, 2008",0,0,0,<,10
"July 7, 2008",0,0,0.01,,10
"July 6, 2008",0,0.01,0.21,<,10
"July 5, 2008",0.01,0.21,0.33,,52
"July 4, 2008",0.2,0.32,0.98,,44
"July 3, 2008",0.12,0.78,0.95,,12
"June 30, 2008",0,0,0,,10
"June 29, 2008",0,0,0.66,,10
"June 28, 2008",0,0.66,0.66,,10
"June 27, 2008",0.66,0.66,0.66,,2
"June 26, 2008",0,0,0.78,,2
"June 25, 2008",0,0.78,1.24,,10
"June 24, 2008",0.78,1.24,1.24,<,10
"June 23, 2008",0.46,0.46,0.46,<,10
"June 22, 2008",0,0,0.03,<,10
"June 21, 2008",0,0.03,0.03,<,10
"June 20, 2008",0.03,0.03,0.03,,2
"June 19, 2008",0,0,0,,2
"June 12, 2008",0,0,0,,4
"June 4, 2008",0.56,0.56,0.56,,6
"May 28, 2008",0,0.99,0.99,,8
"May 22, 2008",0.33,0.33,0.33,<,2
"September 1, 2007",0,0.01,0.01,<,2
"August 31, 2007",0.01,0.01,0.01,,4
"August 30, 2007",0,0,0,,113
"August 29, 2007",0,0,0,<,10
"August 28, 2007",0,0,0,,20
"August 27, 2007",0,0,0,<,10
"August 26, 2007",0,0,0,,10
"August 25, 2007",0,0,0,<,10
"August 24, 2007",0,0,0,,12
"August 23, 2007",0,0,0,,4
"August 22, 2007",0,0,0,,10
"August 21, 2007",0,0,0,<,10
"August 20, 2007",0,0,0.04,<,10
"August 19, 2007",0,0.04,0.04,<,10
"August 18, 2007",0.04,0.04,0.04,<,10
"August 17, 2007",0,0,0,,4
"August 16, 2007",0,0,0,,2
"August 15, 2007",0,0,0,,10
"August 14, 2007",0,0,0,<,10
"August 13, 2007",0,0,0,<,10
"August 12, 2007",0,0,0.09,<,10
"August 11, 2007",0,0.09,0.09,<,10
"August 10, 2007",0.09,0.09,0.37,,70
"August 9, 2007",0,0.28,0.28,<,2
"August 8, 2007",0.28,0.28,0.52,,31
"August 7, 2007",0,0.24,0.24,,10
"August 6, 2007",0.24,0.24,0.24,,20
"August 5, 2007",0,0,0,<,10
"August 4, 2007",0,0,0,<,10
"August 3, 2007",0,0,0,,4
"August 2, 2007",0,0,0,,6
"August 1, 2007",0,0,1.72,,41
"July 31, 2007",0,1.72,1.72,,20
"July 30, 2007",1.72,1.72,4.04,,52
"July 29, 2007",0,2.32,2.32,<,10
"July 28, 2007",2.32,2.32,2.32,,30
"July 27, 2007",0,0,0,,4
"July 26, 2007",0,0,0,,2
"July 25, 2007",0,0,0.06,<,10
"July 24, 2007",0,0.06,0.06,<,10
"July 23, 2007",0.06,0.06,0.06,<,10
"July 22, 2007",0,0,0.01,<,10
"July 21, 2007",0,0.01,0.12,<,10
"July 20, 2007",0.01,0.12,0.29,,4
"July 19, 2007",0.11,0.28,0.28,<,2
"July 18, 2007",0.17,0.17,0.17,,10
"July 17, 2007",0,0,0,<,10
"July 16, 2007",0,0,0,<,10
"July 15, 2007",0,0,0,<,10
"July 14, 2007",0,0,0.05,,10
"July 13, 2007",0,0.05,0.05,<,2
"July 12, 2007",0.05,0.05,0.05,,8
"July 11, 2007",0,0,0.23,<,10
"July 10, 2007",0,0.23,0.25,<,10
"July 9, 2007",0.23,0.25,0.25,,158
"July 8, 2007",0.02,0.02,0.02,<,10
"July 7, 2007",0,0,0.31,<,10
"July 6, 2007",0,0.31,0.36,,59
"July 5, 2007",0.31,0.36,0.36,,18
"July 4, 2007",0.05,0.05,0.05,<,10
"July 3, 2007",0,0,0.21,<,10
"July 2, 2007",0,0.21,0.21,,41
"July 1, 2007",0.21,0.21,0.21,<,10
"June 30, 2007",0,0,0.02,<,10
"June 29, 2007",0,0.02,0.02,,4
"June 28, 2007",0.02,0.02,0.02,<,2
"June 27, 2007",0,0,0,,20
"June 26, 2007",0,0,0,<,10
"June 25, 2007",0,0,0,<,10
"June 24, 2007",0,0,0.03,<,10
"June 23, 2007",0,0.03,0.12,<,10
"June 22, 2007",0.03,0.12,0.28,<,2
"June 21, 2007",0.09,0.25,0.25,<,2
"June 20, 2007",0.16,0.16,0.16,<,10
"June 19, 2007",0,0,0.02,<,10
"June 18, 2007",0,0.02,0.02,<,10
"June 15, 2007",0,0,0,<,2
"June 14, 2007",0,0,0.07,<,2
"June 7, 2007",0,0,0,,2
"May 31, 2007",0,0,0,,2
"May 24, 2007",0,0,0,,5
"September 4, 2006",0,0.25,0.25,,10
"September 3, 2006",0.25,0.25,0.25,,420
"September 2, 2006",0,0,0,,480
"September 1, 2006",0,0,0,,35
"August 31, 2006",0,0,0.14,,2
"August 30, 2006",0,0.14,0.25,<,5
"August 29, 2006",0.14,0.25,0.65,<,10
"August 28, 2006",0.11,0.51,0.51,<,5
"August 27, 2006",0.4,0.4,1.24,,10
"August 26, 2006",0,0.84,0.85,<,10
"August 25, 2006",0.84,0.85,0.85,,12
"August 24, 2006",0.01,0.01,0.01,,2
"August 23, 2006",0,0,0,<,5
"August 22, 2006",0,0,0.8,<,5
"August 21, 2006",0,0.8,0.8,<,10
"August 20, 2006",0.8,0.8,0.8,,340
"August 19, 2006",0,0,0,,5
"August 18, 2006",0,0,0,,10
"August 17, 2006",0,0,0.53,<,2
"August 16, 2006",0,0.53,0.53,<,10
"August 15, 2006",0.53,0.53,0.53,,290
"August 14, 2006",0,0,0,,10
"August 13, 2006",0,0,0,<,5
"August 12, 2006",0,0,0,<,5
"August 11, 2006",0,0,0,<,2
"August 10, 2006",0,0,0,,2
"August 9, 2006",0,0,0.04,<,5
"August 8, 2006",0,0.04,0.04,,5
"August 7, 2006",0.04,0.04,0.04,,5
"August 6, 2006",0,0,0.31,,5
"August 5, 2006",0,0.31,0.31,,5
"August 4, 2006",0.31,0.31,0.31,<,2
"August 3, 2006",0,0,0.02,,2
"August 2, 2006",0,0.02,0.02,<,5
"August 1, 2006",0.02,0.02,0.02,,5
"July 31, 2006",0,0,0,<,5
"July 30, 2006",0,0,0.29,,230
"July 29, 2006",0,0.29,0.29,,15
"July 28, 2006",0.29,0.29,0.29,,23
"July 27, 2006",0,0,0,,4
"July 26, 2006",0,0,0,<,5
"July 25, 2006",0,0,0.11,<,5
"July 24, 2006",0,0.11,0.23,,15
"July 23, 2006",0.11,0.23,1.52,,5
"July 22, 2006",0.12,1.41,1.41,,20
"July 21, 2006",1.29,1.29,1.48,,12
"July 20, 2006",0,0.19,0.41,,4
"July 19, 2006",0.19,0.41,0.41,,55
"July 18, 2006",0.22,0.22,0.22,<,5
"July 17, 2006",0,0,0,<,5
"July 16, 2006",0,0,0,,5
"July 15, 2006",0,0,0.17,,10
"July 14, 2006",0,0.17,1.19,,65
"July 13, 2006",0.17,1.19,1.21,,25
"July 12, 2006",1.02,1.04,1.04,<,5
"July 11, 2006",0.02,0.02,0.02,,40
"July 10, 2006",0,0,0,<,5
"July 9, 2006",0,0,0,<,5
"July 8, 2006",0,0,0.15,<,5
"July 7, 2006",0,0.15,0.15,,22
"July 6, 2006",0.15,0.15,0.15,,13
"July 5, 2006",0,0,0,<,5
"July 4, 2006",0,0,0,,20
"July 3, 2006",0,0,0,,25
"July 2, 2006",0,0,0.13,,175
"July 1, 2006",0,0.13,0.13,<,5
"June 29, 2006",0,0.05,0.05,,55
"June 27, 2006",0,0,0.95,,16
"June 22, 2006",0,0,0.37,,2
"June 15, 2006",0.1,0.1,0.1,,14
"June 12, 2006",0,0,0.43,,10
"June 5, 2006",0,0.3,2.21,,19
"June 1, 2006",0.12,0.12,0.12,,4
"September 2, 2005",0,0.19,0.22,,8
"August 25, 2005",0,0,0,,2
"August 21, 2005",0.02,0.02,0.02,<,5
"August 20, 2005",0,0,0,,5
"August 18, 2005",0,0,0,,2
"August 17, 2005",0,0,0.13,,20
"August 16, 2005",0,0.13,0.73,<,5
"August 15, 2005",0.13,0.73,0.8,,300
"August 14, 2005",0.6,0.67,0.67,,35
"August 13, 2005",0.07,0.07,0.3,,5
"August 12, 2005",0,0.23,0.23,,2
"August 10, 2005",0,0.02,0.02,<,5
"August 9, 2005",0.02,0.02,0.02,,15
"August 8, 2005",0,0,0,<,5
"August 7, 2005",0,0,0.55,<,5
"August 6, 2005",0,0.55,0.55,<,5
"August 4, 2005",0,0,0.01,,4
"August 3, 2005",0,0.01,0.57,,5
"August 2, 2005",0.01,0.57,0.57,<,5
"August 1, 2005",0.56,0.56,0.56,<,5
"July 31, 2005",0,0,0,,5
"July 30, 2005",0,0,0,<,5
"July 29, 2005",0,0,0,,2
"July 28, 2005",0,0,0,<,2
"July 27, 2005",0,0,0,,5
"July 26, 2005",0,0,0,<,5
"July 25, 2005",0,0,0,<,5
"July 24, 2005",0,0,0.15,,5
"July 23, 2005",0,0.15,0.15,,30
"July 22, 2005",0.15,0.15,0.15,,12
"July 21, 2005",0,0,0,,22
"July 20, 2005",0,0,0.03,<,5
"July 19, 2005",0,0.03,0.03,<,5
"July 18, 2005",0.03,0.03,0.03,<,5
"July 17, 2005",0,0,0,,5
"July 16, 2005",0,0,0,<,5
"July 15, 2005",0,0,0,<,2
"July 13, 2005",0,0,0,,9750
"July 12, 2005",0,0,0,<,5
"July 11, 2005",0,0,0.2,,5
"July 10, 2005",0,0.2,1.15,<,5
"July 9, 2005",0.2,1.15,1.15,<,10
"July 6, 2005",2.04,2.04,2.04,<,5
"July 5, 2005",0,0,0,<,5
"July 4, 2005",0,0,0,<,5
"July 3, 2005",0,0,0,<,5
"July 2, 2005",0,0,0,<,5
"July 1, 2005",0,0,0,,51
"June 30, 2005",0,0,0,<,2
"June 24, 2005",0,0,0.03,,4
"June 23, 2005",0,0.03,0.03,,16
"June 17, 2005",0.01,0.14,0.2,<,2
"June 16, 2005",0.13,0.19,0.19,<,2
"September 3, 2004",0,0,0,<,2
"September 2, 2004",0,0,0.17,,2
"August 27, 2004",0,0,0,<,2
"August 26, 2004",0,0,0,,2
"August 21, 2004",1.05,1.16,1.16,<,5
"August 20, 2004",0.11,0.11,0.11,,2
"August 19, 2004",0,0,0.03,,10
"August 18, 2004",0,0.03,0.16,<,5
"August 17, 2004",0.03,0.16,1.17,<,5
"August 16, 2004",0.13,1.14,1.15,<,5
"August 15, 2004",1.01,1.02,1.82,,20
"August 14, 2004",0.01,0.81,1.36,,5
"August 13, 2004",0.8,1.35,1.35,,22
"August 12, 2004",0.55,0.55,0.55,<,2
"August 11, 2004",0,0,0,,10
"August 10, 2004",0,0,0,,50
"August 9, 2004",0,0,0,<,5
"August 8, 2004",0,0,0,<,5
"August 7, 2004",0,0,0.34,<,5
"August 6, 2004",0,0.34,0.34,<,2
"August 5, 2004",0.34,0.34,0.34,,6
"August 4, 2004",0,0,0,,5
"August 3, 2004",0,0,0,,20
"August 2, 2004",0,0,0,<,5
"August 1, 2004",0,0,0,<,5
"July 31, 2004",0,0,0,,5
"July 30, 2004",0,0,0.21,,125
"July 29, 2004",0,0.21,0.27,,6
"July 28, 2004",0.21,0.27,0.27,,15
"July 27, 2004",0.06,0.06,0.06,,15
"July 26, 2004",0,0,1.2,<,5
"July 25, 2004",0,1.2,1.2,,5
"July 23, 2004",0,0,0,,18
"July 22, 2004",0,0,0,,30
"July 21, 2004",0,0,0.04,<,5
"July 20, 2004",0,0.04,0.04,<,5
"July 19, 2004",0.04,0.04,0.04,,10
"July 18, 2004",0,0,0,<,5
"July 17, 2004",0,0,0,<,5
"July 15, 2004",0,0.44,0.61,,22
"July 14, 2004",0.44,0.61,0.61,,5
"July 13, 2004",0.17,0.17,0.17,,10
"July 12, 2004",0,0,0,,10
"July 11, 2004",0,0,0,<,5
"July 10, 2004",0,0,0.06,,5
"July 9, 2004",0,0.06,0.06,,4
"July 8, 2004",0.06,0.06,0.06,,95
"July 7, 2004",0,0,0.88,,10
"July 6, 2004",0,0.88,0.88,,45
"July 5, 2004",0.88,0.88,0.88,,5
"July 2, 2004",0.7,0.81,0.81,,40
"July 1, 2004",0.11,0.11,0.15,,44
"June 25, 2004",0.2,0.2,0.2,,22
"June 24, 2004",0,0,0,,2
"June 18, 2004",0.09,0.1,0.1,,6
"June 17, 2004",0.01,0.01,0.01,,8
"August 29, 2003",0,0,0,,13
"August 28, 2003",0,0,0,<,2
"August 23, 2003",0,0.07,0.07,,60
"August 22, 2003",0.07,0.07,0.07,,5
"August 21, 2003",0,0,0,,5
"August 20, 2003",0,0,0,<,5
"August 19, 2003",0,0,0.03,<,5
"August 18, 2003",0,0.03,0.03,,5
"August 17, 2003",0.03,0.03,0.03,<,5
"August 16, 2003",0,0,0,<,5
"August 15, 2003",0,0,0.05,,34
"August 14, 2003",0,0.05,0.09,,108
"August 13, 2003",0.05,0.09,0.09,<,5
"August 12, 2003",0.04,0.04,0.25,,10
"August 11, 2003",0,0.21,0.22,<,5
"August 10, 2003",0.21,0.22,1.11,,5
"August 9, 2003",0.01,0.9,1.25,,5
"August 8, 2003",0.89,1.24,1.24,,26
"August 7, 2003",0.35,0.35,0.36,,10
"August 6, 2003",0,0.01,0.25,,5
"August 5, 2003",0.01,0.25,0.41,,10
"August 4, 2003",0.24,0.4,0.45,,5
"August 3, 2003",0.16,0.21,1.06,<,5
"August 2, 2003",0.05,0.9,0.9,,15
"August 1, 2003",0.85,0.85,0.85,,8
"July 31, 2003",0,0,0,,16
"July 30, 2003",0,0,0,,5
"July 29, 2003",0,0,0,,15
"July 28, 2003",0,0,0,,15
"July 27, 2003",0,0,0,<,5
"July 26, 2003",0,0,0.23,,15
"July 25, 2003",0,0.23,0.86,,78
"July 24, 2003",0.23,0.86,1.18,,360
"July 23, 2003",0.63,0.95,0.95,,25
"July 21, 2003",0,0,0.43,<,5
"July 20, 2003",0,0.43,0.6,<,5
"July 19, 2003",0.43,0.6,0.6,<,5
"July 18, 2003",0.17,0.17,0.19,,30
"July 17, 2003",0,0.02,0.02,,10
"July 16, 2003",0.02,0.02,0.02,,30
"July 15, 2003",0,0,0,<,5
"July 14, 2003",0,0,0,<,5
"July 13, 2003",0,0,0.21,,5
"July 12, 2003",0,0.21,0.21,<,5
"July 11, 2003",0.21,0.21,0.31,<,2
"July 10, 2003",0,0.1,0.1,,4
"July 9, 2003",0.1,0.1,0.1,,10
"July 8, 2003",0,0,0,<,5
"July 7, 2003",0,0,0,,45
"July 2, 2003",0,0,0,,26
"July 1, 2003",0,0,0,,60
"June 27, 2003",0,0,0,,60
"June 26, 2003",0,0,0,,350
"June 24, 2003",0,0.03,1.79,,310
"June 20, 2003",0,0,0.16,,130
"September 19, 2002",0,0,0,,38
"September 12, 2002",0,0,0,,38
"September 5, 2002",0,0.35,0.74,,12
"August 30, 2002",0.05,0.89,0.89,,12
"August 29, 2002",0.84,0.84,0.84,<,2
"August 23, 2002",0.02,0.49,0.49,,12
"August 22, 2002",0.47,0.47,0.81,<,2
"August 21, 2002",0,0.34,0.34,,30
"August 20, 2002",0.34,0.34,0.34,,15
"August 19, 2002",0,0,0,<,5
"August 18, 2002",0,0,0.02,<,5
"August 17, 2002",0,0.02,0.02,<,5
"August 16, 2002",0.02,0.02,0.02,,26
"August 15, 2002",0,0,0,,6
"August 14, 2002",0,0,0,,10
"August 13, 2002",0,0,0,<,5
"August 12, 2002",0,0,0,<,5
"August 11, 2002",0,0,0,,20
"August 10, 2002",0,0,0,<,5
"August 9, 2002",0,0,0,<,2
"August 8, 2002",0,0,0,,2
"August 7, 2002",0,0,0,<,5
"August 6, 2002",0,0,0,,5
"August 5, 2002",0,0,0,<,5
"August 4, 2002",0,0,0.11,,5
"August 3, 2002",0,0.11,0.11,<,5
"August 2, 2002",0.11,0.11,0.11,,2
"August 1, 2002",0,0,0,,2
"July 31, 2002",0,0,0,,15
"July 30, 2002",0,0,0.02,<,5
"July 29, 2002",0,0.02,0.09,,45
"July 28, 2002",0.02,0.09,0.09,,20
"July 27, 2002",0.07,0.07,0.07,<,5
"July 26, 2002",0,0,0,,2
"July 25, 2002",0,0,0.46,<,2
"July 24, 2002",0,0.46,0.46,<,5
"July 23, 2002",0.46,0.46,0.46,,15
"July 22, 2002",0,0,0,<,5
"July 21, 2002",0,0,0.2,,5
"July 20, 2002",0,0.2,0.2,<,5
"July 19, 2002",0.2,0.2,0.2,,24
"July 18, 2002",0,0,0,,128
"July 17, 2002",0,0,0.05,,10
"July 16, 2002",0,0.05,0.05,,45
"July 15, 2002",0.05,0.05,0.05,,105
"July 14, 2002",0,0,0,<,5
"July 13, 2002",0,0,0,,15
"July 12, 2002",0,0,0.01,,18
"July 11, 2002",0,0.01,0.62,,18
"July 10, 2002",0.01,0.62,0.62,<,5
"July 9, 2002",0.61,0.61,0.61,<,5
"July 8, 2002",0,0,0,<,5
"July 7, 2002",0,0,0,<,5
"July 6, 2002",0,0,0,<,5
"July 5, 2002",0,0,0,,2
"July 3, 2002",0,0,0,,10
"July 2, 2002",0,0,0,<,5
"July 1, 2002",0,0,0,,15
"June 28, 2002",0.01,1.33,1.33,,40
"June 27, 2002",1.32,1.32,1.32,,26
"June 20, 2002",0,0.02,0.02,,4
"June 6, 2002",0.79,1.02,1.02,,26
