"Tenean Beach, Dorchester: Bacterial Water Quality",,,,,
,,,,Middle,
Date,1-Day Rain,2-Day Rain,3-Day Rain,Tag,Enterococcus
"September 1, 2024",0,0,0,<,10
"August 31, 2024",0,0,0,,20
"August 30, 2024",0,0,0,,8
"August 29, 2024",0,0,0,,18
"August 28, 2024",0,0,0,<,10
"August 27, 2024",0,0,0,<,10
"August 26, 2024",0,0,0,<,10
"August 25, 2024",0,0,0,,10
"August 24, 2024",0,0,0,,31
"August 23, 2024",0,0,0,,48
"August 22, 2024",0,0,0.01,,47
"August 21, 2024",0,0.01,0.12,,20
"August 20, 2024",0.01,0.12,0.15,,278
"August 19, 2024",0.11,0.14,0.14,,1890
"August 18, 2024",0.03,0.03,0.03,,135
"August 17, 2024",0,0,0.89,,119
"August 16, 2024",0,0.89,0.89,,57
"August 15, 2024",0.89,0.89,0.89,,12
"August 14, 2024",0,0,0,<,10
"August 13, 2024",0,0,0,,98
"August 12, 2024",0,0,0.11,,10
"August 11, 2024",0,0.11,0.43,,10
"August 10, 2024",0.11,0.43,0.65,,41
"August 9, 2024",0.32,0.54,0.75,,17
"August 8, 2024",0.22,0.43,1.04,,32
"August 7, 2024",0.21,0.82,0.82,,691
"August 6, 2024",0.61,0.61,0.97,,148
"August 5, 2024",0,0.36,0.36,,712
"August 4, 2024",0.36,0.36,1.19,,31
"August 3, 2024",0,0.83,0.83,<,10
"August 2, 2024",0.83,0.83,1.03,,58
"August 1, 2024",0,0.2,0.2,,62
"July 31, 2024",0.2,0.2,0.23,,10
"July 30, 2024",0,0.03,0.03,<,10
"July 29, 2024",0.03,0.03,0.03,,41
"July 28, 2024",0,0,0,,324
"July 27, 2024",0,0,0,,20
"July 26, 2024",0,0,0.01,,69
"July 25, 2024",0,0.01,0.02,,185
"July 24, 2024",0.01,0.02,0.03,,146
"July 23, 2024",0.01,0.02,0.02,,110
"July 22, 2024",0.01,0.01,0.01,,20
"July 21, 2024",0,0,0,,359
"July 20, 2024",0,0,0.2,,31
"July 19, 2024",0,0.2,0.22,,25
"July 18, 2024",0.2,0.22,0.22,,138
"July 17, 2024",0.02,0.02,0.06,,10
"July 16, 2024",0,0.04,0.04,,776
"July 15, 2024",0.04,0.04,0.34,,31
"July 14, 2024",0,0.3,0.33,,73
"July 13, 2024",0.3,0.33,0.33,,4350
"July 12, 2024",0.03,0.03,0.03,,33
"July 11, 2024",0,0,0,,25
"July 10, 2024",0,0,0,<,10
"July 9, 2024",0,0,0,,31
"July 8, 2024",0,0,0,,30
"July 7, 2024",0,0,0.38,,41
"July 6, 2024",0,0.38,0.38,,373
"July 5, 2024",0.38,0.38,0.38,,6
"July 4, 2024",0,0,0,,103
"July 3, 2024",0,0,0.16,,20
"July 2, 2024",0,0.16,0.18,,187
"July 1, 2024",0.16,0.18,0.18,,52
"June 30, 2024",0.02,0.02,0.02,,20
"June 29, 2024",0,0,0.08,,31
"June 28, 2024",0,0.08,2.05,,31
"June 27, 2024",0.08,2.05,2.05,,124
"June 26, 2024",1.97,1.97,2.07,,63
"June 25, 2024",0,0.1,0.18,,166
"June 24, 2024",0.1,0.18,0.36,,41
"June 23, 2024",0.08,0.26,0.74,,269
"June 22, 2024",0.18,0.66,0.95,,605
"June 21, 2024",0.48,0.77,0.77,,40
"June 20, 2024",0.29,0.29,0.29,,33
"June 19, 2024",0,0,0,,20
"June 18, 2024",0,0,0,,20
"June 17, 2024",0,0,0.03,,459
"June 16, 2024",0,0.03,0.57,,74
"June 15, 2024",0.03,0.57,0.57,<,10
"June 12, 2024",0,0,0,,41
"June 11, 2024",0,0,0.23,,1140
"June 5, 2024",0,0,0,<,10
"June 4, 2024",0,0,0,,171
"May 28, 2024",0.14,0.4,0.52,,41
"May 21, 2024",0,0,0.08,,30
"September 3, 2023",0.01,0.01,0.01,,20
"September 2, 2023",0,0,0,,20
"September 1, 2023",0,0,0.54,,52
"August 31, 2023",0,0.54,0.83,,102
"August 30, 2023",0.54,0.83,0.83,,187
"August 29, 2023",0.29,0.29,0.29,,148
"August 28, 2023",0,0,0,,74
"August 27, 2023",0,0,1.78,,253
"August 26, 2023",0,1.78,1.79,,52
"August 25, 2023",1.78,1.79,1.79,,54
"August 24, 2023",0.01,0.01,0.01,,20
"August 23, 2023",0,0,0.28,,74
"August 22, 2023",0,0.28,0.28,,269
"August 21, 2023",0.28,0.28,0.28,,62
"August 20, 2023",0,0,1.35,,1580
"August 19, 2023",0,1.35,1.35,,708
"August 18, 2023",1.35,1.35,1.35,,27
"August 17, 2023",0,0,0.64,,51
"August 16, 2023",0,0.64,0.64,,350
"August 15, 2023",0.64,0.64,0.79,,74
"August 14, 2023",0,0.15,0.15,<,10
"August 13, 2023",0.15,0.15,0.2,,30
"August 12, 2023",0,0.05,0.09,,185
"August 11, 2023",0.05,0.09,0.09,,5
"August 10, 2023",0.04,0.04,1.37,,100
"August 9, 2023",0,1.33,1.33,,269
"August 8, 2023",1.33,1.33,1.33,<,10
"August 7, 2023",0,0,0,,41
"August 6, 2023",0,0,0,,20
"August 5, 2023",0,0,0,,52
"August 3, 2023",0,0,0,,20
"August 2, 2023",0,0,0,,84
"August 1, 2023",0,0,0,,95
"July 31, 2023",0,0,3.07,,134
"July 30, 2023",0,3.07,3.07,,2600
"July 29, 2023",3.07,3.07,3.3,,63
"July 28, 2023",0,0.23,0.23,,92
"July 27, 2023",0.23,0.23,1.11,,28
"July 26, 2023",0,0.88,0.88,,5170
"July 25, 2023",0.88,0.88,0.88,,281
"July 24, 2023",0,0,0,,10
"July 23, 2023",0,0,1.98,,31
"July 22, 2023",0,1.98,1.98,,3280
"July 21, 2023",1.98,1.98,1.98,,129
"July 20, 2023",0,0,0,,25
"July 19, 2023",0,0,0,,386
"July 18, 2023",0,0,1.6,,10
"July 17, 2023",0,1.6,1.6,,609
"July 16, 2023",1.6,1.6,1.72,,41
"July 15, 2023",0,0.12,0.18,<,10
"July 14, 2023",0.12,0.18,0.18,,44
"July 13, 2023",0.06,0.06,0.06,,10
"July 12, 2023",0,0,0.71,<,10
"July 11, 2023",0,0.71,0.71,,31
"July 10, 2023",0.71,0.71,0.71,,51
"July 9, 2023",0,0,0,,10
"July 8, 2023",0,0,0,,10
"July 7, 2023",0,0,0,,27
"July 6, 2023",0,0,0.47,,29
"July 5, 2023",0,0.47,1.46,,110
"July 4, 2023",0.47,1.46,1.78,,298
"July 3, 2023",0.99,1.31,1.31,,2280
"July 2, 2023",0.32,0.32,0.32,,10
"July 1, 2023",0,0,0,<,10
"June 30, 2023",0,0,0.53,<,2
"June 29, 2023",0,0.53,1.08,,27
"June 28, 2023",0.53,1.08,1.08,,10
"June 27, 2023",0.55,0.55,0.57,,10
"June 26, 2023",0,0.02,0.07,<,10
"June 25, 2023",0.02,0.07,0.07,<,10
"June 24, 2023",0.05,0.05,0.05,,10
"June 23, 2023",0,0,0,,24
"June 22, 2023",0,0,0,,27
"June 21, 2023",0,0,0,,10
"June 20, 2023",0,0,0.04,<,10
"June 19, 2023",0,0.04,0.81,,400
"June 12, 2023",0.34,0.34,0.68,,62
"June 5, 2023",0.07,0.17,0.25,,1200
"September 4, 2022",0,0,0,<,10
"September 3, 2022",0,0,0,<,10
"September 2, 2022",0,0,0.33,,21
"September 1, 2022",0,0.33,0.33,,13
"August 31, 2022",0.33,0.33,0.33,,6130
"August 30, 2022",0,0,0,,74
"August 29, 2022",0,0,0,,10
"August 28, 2022",0,0,0.41,,74
"August 27, 2022",0,0.41,0.41,,884
"August 26, 2022",0.41,0.41,0.41,,2
"August 25, 2022",0,0,0.02,,8
"August 24, 2022",0,0.02,0.46,<,10
"August 23, 2022",0.02,0.46,0.46,<,10
"August 22, 2022",0.44,0.44,0.44,<,10
"August 21, 2022",0,0,0,<,10
"August 20, 2022",0,0,0,<,10
"August 19, 2022",0,0,0.01,,44
"August 18, 2022",0,0.01,0.01,,12
"August 17, 2022",0.01,0.01,0.01,,20
"August 16, 2022",0,0,0,,86
"August 15, 2022",0,0,0,,10
"August 14, 2022",0,0,0,<,10
"August 13, 2022",0,0,0,,20
"August 12, 2022",0,0,0,,70
"August 11, 2022",0,0,0.14,,285
"August 10, 2022",0,0.14,0.14,,20
"August 9, 2022",0.14,0.14,0.17,,10
"August 8, 2022",0,0.03,0.03,<,10
"August 7, 2022",0.03,0.03,0.11,,240
"August 6, 2022",0,0.08,0.08,,120
"August 5, 2022",0.08,0.08,0.08,,8
"August 4, 2022",0,0,0,,10
"August 3, 2022",0,0,0.01,,63
"August 2, 2022",0,0.01,0.01,,52
"August 1, 2022",0.01,0.01,0.01,<,10
"July 31, 2022",0,0,0,<,10
"July 30, 2022",0,0,0.04,<,10
"July 29, 2022",0,0.04,0.04,,3
"July 28, 2022",0.04,0.04,0.04,,8
"July 27, 2022",0,0,0,<,10
"July 26, 2022",0,0,0,<,10
"July 25, 2022",0,0,0,,20
"July 24, 2022",0,0,0,,10
"July 23, 2022",0,0,0,,10
"July 22, 2022",0,0,0,,22
"July 21, 2022",0,0,0.02,,8
"July 20, 2022",0,0.02,0.17,,20
"July 19, 2022",0.02,0.17,0.17,,576
"July 18, 2022",0.15,0.15,0.15,<,10
"July 17, 2022",0,0,0,,20
"July 16, 2022",0,0,0.16,,41
"July 15, 2022",0,0.16,0.16,,41
"July 14, 2022",0.16,0.16,0.17,,10
"July 13, 2022",0,0.01,0.01,,52
"July 12, 2022",0.01,0.01,0.01,<,10
"July 11, 2022",0,0,0,,31
"July 10, 2022",0,0,0,<,10
"July 9, 2022",0,0,0,<,10
"July 8, 2022",0,0,0.01,<,2
"July 7, 2022",0,0.01,0.05,,125
"July 6, 2022",0.01,0.05,0.05,,10
"July 5, 2022",0.04,0.04,0.04,,31
"July 4, 2022",0,0,0.19,<,10
"July 3, 2022",0,0.19,0.19,,52
"July 2, 2022",0.19,0.19,0.19,,195
"July 1, 2022",0,0,0,,2
"June 30, 2022",0,0,0,,32
"June 29, 2022",0,0,0.65,,41
"June 28, 2022",0,0.65,0.65,,10
"June 27, 2022",0.65,0.65,0.65,,10
"June 26, 2022",0,0,0,<,10
"June 25, 2022",0,0,0,,10
"June 24, 2022",0,0,0,,2
"June 23, 2022",0,0,0,<,2
"June 22, 2022",0,0,0,,10
"June 21, 2022",0,0,0.31,<,10
"June 20, 2022",0,0.31,0.31,,10
"June 19, 2022",0.31,0.31,0.31,,1210
"June 18, 2022",0,0,0,,85
"June 17, 2022",0,0,0,,4
"June 16, 2022",0,0,0,,60
"June 15, 2022",0,0,0.09,,20
"June 14, 2022",0,0.09,0.09,,21
"June 13, 2022",0.09,0.09,0.09,,41
"June 12, 2022",0,0,0,,10
"June 11, 2022",0,0,0.85,,30
"June 10, 2022",0,0.85,1.08,,22
"June 9, 2022",0.85,1.08,1.08,>,2600
"June 3, 2022",0.01,0.11,0.2,,10
"June 2, 2022",0.1,0.19,0.19,,25
"May 27, 2022",0,0,0,,2
"May 26, 2022",0,0,0,,3
"September 5, 2021",0.05,0.05,0.05,,40
"September 4, 2021",0,0,2.54,,469
"September 3, 2021",0,2.54,4.23,>,2600
"September 1, 2021",1.69,1.69,1.71,,10
"August 31, 2021",0,0.02,0.1,<,10
"August 30, 2021",0.02,0.1,0.17,,52
"August 29, 2021",0.08,0.15,0.15,,41
"August 28, 2021",0.07,0.07,0.07,,98
"August 27, 2021",0,0,0,,106
"August 26, 2021",0,0,0,,59
"August 25, 2021",0,0,1.69,,336
"August 24, 2021",0,1.69,2.45,,3650
"August 21, 2021",0,0.05,1.19,,345
"August 20, 2021",0.05,1.19,1.19,,323
"August 19, 2021",1.14,1.14,1.14,,27
"August 18, 2021",0,0,0,<,10
"August 17, 2021",0,0,0,,10
"August 16, 2021",0,0,0.01,,20
"August 15, 2021",0,0.01,0.01,<,10
"August 14, 2021",0.01,0.01,0.01,<,10
"August 13, 2021",0,0,0,,17
"August 12, 2021",0,0,0.03,,13
"August 11, 2021",0,0.03,1.18,,20
"August 10, 2021",0.03,1.18,1.18,,354
"August 9, 2021",1.15,1.15,1.15,,31
"August 8, 2021",0,0,0,,10
"August 7, 2021",0,0,1.42,<,10
"August 6, 2021",0,1.42,2,,18
"August 5, 2021",1.42,2,2,>,2600
"August 4, 2021",0.58,0.58,0.58,,10
"August 3, 2021",0,0,0,<,10
"August 2, 2021",0,0,0,,10
"August 1, 2021",0,0,0.14,<,10
"July 31, 2021",0,0.14,0.15,,52
"July 30, 2021",0.14,0.15,0.15,,42
"July 29, 2021",0.01,0.01,0.39,,27
"July 28, 2021",0,0.38,0.38,,471
"July 27, 2021",0.38,0.38,0.53,,171
"July 26, 2021",0,0.15,0.15,,259
"July 25, 2021",0.15,0.15,0.15,,63
"July 24, 2021",0,0,0,,31
"July 23, 2021",0,0,0,,8
"July 22, 2021",0,0,0,,68
"July 21, 2021",0,0,0,,132
"July 20, 2021",0,0,0.3,,450
"July 19, 2021",0,0.3,0.47,,1920
"July 18, 2021",0.3,0.47,0.49,,624
"July 17, 2021",0.17,0.19,0.19,,1010
"July 16, 2021",0.02,0.02,0.02,,65
"July 15, 2021",0,0,0.01,,117
"July 14, 2021",0,0.01,1.22,,313
"July 13, 2021",0.01,1.22,1.25,,520
"July 12, 2021",1.21,1.24,1.29,,7270
"July 11, 2021",0.03,0.08,2.12,,932
"July 10, 2021",0.05,2.09,2.39,,1440
"July 8, 2021",0.3,0.33,0.62,,600
"July 7, 2021",0.03,0.32,0.32,,213
"July 6, 2021",0.29,0.29,0.6,,41
"July 5, 2021",0,0.31,1.99,,617
"July 4, 2021",0.31,1.99,3.66,,5480
"July 3, 2021",1.68,3.35,4.63,,2490
"July 2, 2021",1.67,2.95,3.11,>,2600
"July 1, 2021",1.28,1.44,1.44,,19
"June 30, 2021",0.16,0.16,0.16,<,10
"June 29, 2021",0,0,0,<,10
"June 28, 2021",0,0,0,<,10
"June 27, 2021",0,0,0.09,,10
"June 26, 2021",0,0.09,0.09,,52
"June 25, 2021",0.09,0.09,0.09,,8
"June 24, 2021",0,0,0.91,,57
"June 23, 2021",0,0.91,0.91,,565
"June 22, 2021",0.91,0.91,0.91,,31
"June 21, 2021",0,0,0,<,10
"June 20, 2021",0,0,0,<,10
"June 19, 2021",0,0,0,<,10
"June 18, 2021",0,0,0,,2
"June 17, 2021",0,0,0.01,,12
"June 16, 2021",0,0.01,0.54,,23
"June 10, 2021",0,0.05,0.05,,43
"June 3, 2021",0,0,0,,12
"June 1, 2021",0,0.15,0.87,,60
"May 27, 2021",0.01,0.29,0.29,,18
"September 6, 2020",0,0,0,,20
"September 5, 2020",0,0,0.01,,10
"September 4, 2020",0,0.01,0.21,,14
"September 3, 2020",0.01,0.21,0.21,,16
"September 2, 2020",0.2,0.2,0.2,,160
"September 1, 2020",0,0,0,,110
"August 31, 2020",0,0,0.07,,74
"August 30, 2020",0,0.07,0.07,,52
"August 29, 2020",0.07,0.07,0.25,,31
"August 28, 2020",0,0.18,0.18,,83
"August 27, 2020",0.18,0.18,0.18,,41
"August 26, 2020",0,0,0,,52
"August 25, 2020",0,0,1.33,,20
"August 24, 2020",0,1.33,1.33,,160
"August 23, 2020",1.33,1.33,1.33,,41
"August 22, 2020",0,0,0,,97
"August 21, 2020",0,0,0.06,,13
"August 20, 2020",0,0.06,0.22,,354
"August 19, 2020",0.06,0.22,0.3,,41
"August 18, 2020",0.16,0.24,0.4,,30
"August 17, 2020",0.08,0.24,0.24,,122
"August 16, 2020",0.16,0.16,0.16,,41
"August 15, 2020",0,0,0,,30
"August 14, 2020",0,0,0,,19
"August 13, 2020",0,0,0,,73
"August 12, 2020",0,0,0,,31
"August 11, 2020",0,0,0,,663
"August 10, 2020",0,0,0,,96
"August 9, 2020",0,0,0,<,10
"August 8, 2020",0,0,0,,20
"August 7, 2020",0,0,0,,18
"August 6, 2020",0,0,0.17,,723
"August 5, 2020",0,0.17,0.17,,98
"August 4, 2020",0.17,0.17,0.24,,135
"August 3, 2020",0,0.07,0.07,,10
"August 2, 2020",0.07,0.07,0.07,<,10
"August 1, 2020",0,0,0,,63
"July 31, 2020",0,0,0,,24
"July 30, 2020",0,0,0,,4
"July 29, 2020",0,0,0,,10
"July 28, 2020",0,0,0,<,10
"July 27, 2020",0,0,0,,10
"July 26, 2020",0,0,0,,86
"July 25, 2020",0,0,0.57,,96
"July 24, 2020",0,0.57,0.68,>,2600
"July 23, 2020",0.57,0.68,0.68,>,2600
"July 22, 2020",0.11,0.11,0.11,,74
"July 21, 2020",0,0,0,,10
"July 20, 2020",0,0,0,,10
"July 19, 2020",0,0,0.11,,30
"July 18, 2020",0,0.11,0.11,,20
"July 17, 2020",0.11,0.11,0.18,,32
"July 16, 2020",0,0.07,0.69,<,2
"July 15, 2020",0.07,0.69,0.76,,41
"July 14, 2020",0.62,0.69,0.69,,30
"July 13, 2020",0.07,0.07,0.08,<,10
"July 12, 2020",0,0.01,0.01,,20
"July 11, 2020",0.01,0.01,0.01,<,10
"July 10, 2020",0,0,0,,2
"July 9, 2020",0,0,0,,17
"July 8, 2020",0,0,0,,10
"July 7, 2020",0,0,0.11,,240
"July 6, 2020",0,0.11,0.11,,581
"July 5, 2020",0.11,0.11,0.11,,156
"July 4, 2020",0,0,0,,408
"July 3, 2020",0,0,0.07,,338
"July 2, 2020",0,0.07,0.25,,17
"July 1, 2020",0.07,0.25,0.44,,74
"June 30, 2020",0.18,0.37,1.56,,3780
"June 29, 2020",0.19,1.38,1.4,,1610
"June 28, 2020",1.19,1.21,1.21,,10
"June 27, 2020",0.02,0.02,0.02,,20
"June 26, 2020",0,0,0.01,,13
"June 25, 2020",0,0.01,0.01,,121
"June 24, 2020",0.01,0.01,0.01,<,10
"June 23, 2020",0,0,0,,10
"June 22, 2020",0,0,0,,10
"June 21, 2020",0,0,0,<,10
"June 20, 2020",0,0,0,<,10
"June 19, 2020",0,0,0,<,2
"June 18, 2020",0,0,0,,5
"June 11, 2020",0.74,0.74,0.74,,13
"June 4, 2020",0,0.01,0.03,,10
"May 28, 2020",0,0,0,,2
"May 20, 2020",0,0,0,,8
"September 1, 2019",0,0,0,,223
"August 31, 2019",0,0,0.3,,98
"August 30, 2019",0,0.3,0.95,,28
"August 29, 2019",0.3,0.95,0.95,,1100
"August 28, 2019",0.65,0.65,0.65,,52
"August 27, 2019",0,0,0,,86
"August 26, 2019",0,0,0,,52
"August 25, 2019",0,0,0,,41
"August 24, 2019",0,0,0,,122
"August 23, 2019",0,0,0.08,,62
"August 22, 2019",0,0.08,0.08,,14
"August 21, 2019",0.08,0.08,0.09,,10
"August 20, 2019",0,0.01,0.17,,74
"August 19, 2019",0.01,0.17,0.17,,30
"August 18, 2019",0.16,0.16,0.16,,52
"August 17, 2019",0,0,0,,31
"August 16, 2019",0,0,0,,10
"August 15, 2019",0,0,0,,97
"August 14, 2019",0,0,0,,993
"August 13, 2019",0,0,0,,243
"August 12, 2019",0,0,0,,10
"August 11, 2019",0,0,0,,410
"August 10, 2019",0,0,0.38,,495
"August 9, 2019",0,0.38,2.28,,49
"August 8, 2019",0.38,2.28,2.28,,103
"August 7, 2019",1.9,1.9,1.9,,41
"August 6, 2019",0,0,0,,20
"August 5, 2019",0,0,0,,369
"August 4, 2019",0,0,0,,10
"August 3, 2019",0,0,0,,6
"August 2, 2019",0,0,1.25,,12
"August 1, 2019",0,1.25,1.25,,37
"July 31, 2019",1.25,1.25,1.26,,20
"July 30, 2019",0,0.01,0.01,<,10
"July 29, 2019",0.01,0.01,0.01,,31
"July 28, 2019",0,0,0,,20
"July 27, 2019",0,0,0,<,10
"July 26, 2019",0,0,0,,5
"July 25, 2019",0,0,1.03,,70
"July 24, 2019",0,1.03,1.88,,644
"July 23, 2019",1.03,1.88,1.88,,8160
"July 22, 2019",0.85,0.85,0.85,,185
"July 21, 2019",0,0,0,,63
"July 20, 2019",0,0,0.04,,30
"July 19, 2019",0,0.04,0.47,,84
"July 18, 2019",0.04,0.47,0.47,>,2600
"July 17, 2019",0.43,0.43,0.43,,20
"July 16, 2019",0,0,0,,52
"July 15, 2019",0,0,0,,354
"July 14, 2019",0,0,0.81,,63
"July 13, 2019",0,0.81,0.83,,441
"July 12, 2019",0.81,0.83,0.83,,138
"July 11, 2019",0.02,0.02,0.02,,23
"July 10, 2019",0,0,0,,119
"July 9, 2019",0,0,0,,74
"July 8, 2019",0,0,1.37,,218
"July 7, 2019",0,1.37,1.37,,884
"July 6, 2019",1.37,1.37,1.37,,85
"July 5, 2019",0,0,0,,7
"July 4, 2019",0,0,0,,2
"July 3, 2019",0,0,0,,12
"July 2, 2019",0,0,0.16,,37
"July 1, 2019",0,0.16,1.81,,1200
"June 30, 2019",0.16,1.81,1.81,,1780
"June 29, 2019",1.65,1.65,1.65,,223
"June 28, 2019",0,0,0,,38
"June 27, 2019",0,0,0.13,,26
"June 26, 2019",0,0.13,0.13,,110
"June 25, 2019",0.13,0.13,0.13,,85
"June 24, 2019",0,0,0,,216
"June 23, 2019",0,0,1.19,,341
"June 22, 2019",0,1.19,1.56,,5170
"June 21, 2019",1.19,1.56,1.56,>,2600
"June 20, 2019",0.37,0.37,0.47,,117
"June 19, 2019",0,0.1,0.1,,35
"June 18, 2019",0.1,0.1,0.21,,52
"June 17, 2019",0,0.11,0.11,,63
"June 16, 2019",0.11,0.11,0.11,,109
"June 15, 2019",0,0,0.63,,52
"June 14, 2019",0,0.63,0.63,,32
"June 13, 2019",0.63,0.63,1.16,,35
"June 10, 2019",0.14,0.14,0.14,,22
"June 8, 2019",0,0,0.01,,30
"June 7, 2019",0,0.01,0.06,,118
"June 6, 2019",0.01,0.06,0.06,,21
"June 1, 2019",0,0.07,0.3,,30
"May 31, 2019",0.07,0.3,0.3,,108
"May 30, 2019",0.23,0.23,0.53,,13
"May 24, 2019",0,0.12,0.12,,18
"May 23, 2019",0.12,0.12,0.12,,3
"September 2, 2018",0,0,0,,41
"September 1, 2018",0,0,0,<,10
"August 31, 2018",0,0,0,,59
"August 30, 2018",0,0,0,<,2
"August 29, 2018",0,0,0,<,10
"August 28, 2018",0,0,0,<,10
"August 27, 2018",0,0,0,<,10
"August 26, 2018",0,0,0,,20
"August 25, 2018",0,0,0,,41
"August 24, 2018",0,0,0.5,,5
"August 23, 2018",0,0.5,0.5,,38
"August 22, 2018",0.5,0.5,0.5,,10
"August 21, 2018",0,0,0.01,,373
"August 20, 2018",0,0.01,0.14,,1030
"August 19, 2018",0.01,0.14,0.34,,1120
"August 18, 2018",0.13,0.33,0.33,<,10
"August 17, 2018",0.2,0.2,0.2,,40
"August 16, 2018",0,0,0.01,,22
"August 15, 2018",0,0.01,0.3,,63
"August 14, 2018",0.01,0.3,1.68,,90
"August 13, 2018",0.29,1.67,2.06,,144
"August 12, 2018",1.38,1.77,1.77,,746
"August 11, 2018",0.39,0.39,0.45,,173
"August 10, 2018",0,0.06,1.04,,35
"August 9, 2018",0.06,1.04,1.04,,485
"August 8, 2018",0.98,0.98,0.98,,41
"August 7, 2018",0,0,0,,30
"August 6, 2018",0,0,0.64,,63
"August 5, 2018",0,0.64,0.7,,183
"August 4, 2018",0.64,0.7,0.7,,40
"August 3, 2018",0.06,0.06,0.06,,4
"August 2, 2018",0,0,0,<,2
"August 1, 2018",0,0,0,<,10
"July 31, 2018",0,0,0,<,10
"July 30, 2018",0,0,0,,20
"July 29, 2018",0,0,0,<,10
"July 28, 2018",0,0,0.6,,109
"July 27, 2018",0,0.6,0.74,,27
"July 26, 2018",0.6,0.74,0.74,,17
"July 25, 2018",0.14,0.14,0.17,,52
"July 24, 2018",0,0.03,0.2,,788
"July 23, 2018",0.03,0.2,0.2,,132
"July 22, 2018",0.17,0.17,0.17,,31
"July 21, 2018",0,0,0,,52
"July 20, 2018",0,0,0.06,,8
"July 19, 2018",0,0.06,2.74,,42
"July 18, 2018",0.06,2.74,2.74,,388
"July 17, 2018",2.68,2.68,2.69,<,10
"July 16, 2018",0,0.01,0.32,,121
"July 15, 2018",0.01,0.32,0.32,,3
"July 14, 2018",0.31,0.31,0.31,,18
"July 12, 2018",0,0.19,0.19,,32
"July 11, 2018",0.19,0.19,0.19,,450
"July 10, 2018",0,0,0,,41
"July 9, 2018",0,0,0,<,10
"July 8, 2018",0,0,0.35,,377
"July 7, 2018",0,0.35,0.35,,1150
"July 6, 2018",0.35,0.35,0.35,,4
"July 5, 2018",0,0,0.01,,2
"July 4, 2018",0,0.01,0.01,,73
"July 3, 2018",0.01,0.01,0.01,,10
"July 2, 2018",0,0,0,,52
"July 1, 2018",0,0,0,,10
"June 30, 2018",0,0,1.16,,10
"June 29, 2018",0,1.16,1.25,,300
"June 28, 2018",1.16,1.25,1.25,,3
"June 27, 2018",0.09,0.09,0.42,<,10
"June 26, 2018",0,0.33,0.59,,20
"June 25, 2018",0.33,0.59,0.59,,132
"June 24, 2018",0.26,0.26,0.26,,20
"June 23, 2018",0,0,0,,10
"June 22, 2018",0,0,0,,8
"June 21, 2018",0,0,0.01,,10
"June 20, 2018",0,0.01,0.14,<,10
"June 19, 2018",0.01,0.14,0.14,,86
"June 18, 2018",0.13,0.13,0.13,,41
"June 17, 2018",0,0,0,,4
"June 16, 2018",0,0,0,,8
"June 15, 2018",0,0,0,,25
"June 14, 2018",0,0,0,,41
"June 13, 2018",0,0,0,,6
"June 12, 2018",0,0,0,,8
"June 11, 2018",0,0,0,,4
"June 10, 2018",0,0,0,,4
"June 9, 2018",0,0,0,,10
"June 8, 2018",0,0,0,,22
"June 7, 2018",0,0,0.34,,10
"June 6, 2018",0,0.34,0.96,,1430
"June 5, 2018",0.34,0.96,0.96,,500
"June 1, 2018",0.01,0.01,0.01,,17
"May 31, 2018",0,0,0,,2
"May 25, 2018",0,0,0.02,,24
"May 24, 2018",0,0.02,0.05,,132
"September 3, 2017",0.28,0.28,0.28,,20
"September 2, 2017",0,0,0,,10
"September 1, 2017",0,0,0.07,,35
"August 31, 2017",0,0.07,0.07,,7
"August 30, 2017",0.07,0.07,0.07,,20
"August 29, 2017",0,0,0,,31
"August 28, 2017",0,0,0,,10
"August 27, 2017",0,0,0,,10
"August 26, 2017",0,0,0,<,10
"August 25, 2017",0,0,0.04,,57
"August 24, 2017",0,0.04,0.04,,17
"August 23, 2017",0.04,0.04,0.04,,41
"August 22, 2017",0,0,0,,135
"August 21, 2017",0,0,0.01,,74
"August 20, 2017",0,0.01,0.25,,134
"August 19, 2017",0.01,0.25,0.25,,132
"August 18, 2017",0.24,0.24,0.24,,16
"August 17, 2017",0,0,0,,5
"August 16, 2017",0,0,0,,41
"August 15, 2017",0,0,0,,10
"August 14, 2017",0,0,0.1,,41
"August 13, 2017",0,0.1,0.1,,20
"August 12, 2017",0.1,0.1,0.1,<,10
"August 11, 2017",0,0,0,,24
"August 10, 2017",0,0,0,,24
"August 9, 2017",0,0,0,,31
"August 8, 2017",0,0,0,,63
"August 7, 2017",0,0,0.16,,63
"August 6, 2017",0,0.16,0.16,,30
"August 5, 2017",0.16,0.16,0.16,,41
"August 4, 2017",0,0,0.96,,18
"August 3, 2017",0,0.96,0.96,,631
"August 2, 2017",0.96,0.96,0.96,<,10
"August 1, 2017",0,0,0,,20
"July 31, 2017",0,0,0,<,10
"July 30, 2017",0,0,0,,63
"July 29, 2017",0,0,0.04,,160
"July 28, 2017",0,0.04,0.04,,105
"July 27, 2017",0.04,0.04,0.05,,22
"July 26, 2017",0,0.01,1.42,,52
"July 25, 2017",0.01,1.42,1.42,,2370
"July 24, 2017",1.41,1.41,1.41,,119
"July 23, 2017",0,0,0,,122
"July 22, 2017",0,0,0,,85
"July 21, 2017",0,0,0,,32
"July 20, 2017",0,0,0.12,,46
"July 19, 2017",0,0.12,0.12,,231
"July 18, 2017",0.12,0.12,0.12,,20
"July 17, 2017",0,0,0,,10
"July 16, 2017",0,0,0,,20
"July 15, 2017",0,0,0.14,,10
"July 14, 2017",0,0.14,1.47,,90
"July 13, 2017",0.14,1.47,1.64,,108
"July 12, 2017",1.33,1.5,1.5,<,10
"July 11, 2017",0.17,0.17,0.17,,31
"July 10, 2017",0,0,0.4,,20
"July 9, 2017",0,0.4,0.7,,228
"July 8, 2017",0.4,0.7,0.7,,262
"July 7, 2017",0.3,0.3,0.3,,37
"July 6, 2017",0,0,0,,2
"July 5, 2017",0,0,0,,10
"July 4, 2017",0,0,0,,10
"July 3, 2017",0,0,0.11,<,10
"July 2, 2017",0,0.11,0.18,,51
"July 1, 2017",0.11,0.18,0.18,,20
"June 30, 2017",0.07,0.07,0.07,,13
"June 29, 2017",0,0,0.08,,3
"June 28, 2017",0,0.08,0.08,<,10
"June 27, 2017",0.08,0.08,0.08,,31
"June 26, 2017",0,0,0.08,<,2
"June 25, 2017",0,0.08,0.08,,10
"June 24, 2017",0.08,0.08,0.08,,52
"June 23, 2017",0,0,0,,25
"June 22, 2017",0,0,0.13,,30
"June 21, 2017",0,0.13,0.16,,158
"June 20, 2017",0.13,0.16,0.16,,20
"June 19, 2017",0.03,0.03,0.05,,20
"June 17, 2017",0.02,2.15,2.15,,592
"June 16, 2017",2.13,2.13,2.13,,7
"June 15, 2017",0,0,0.53,,18
"June 9, 2017",0,0,0.04,,52
"June 8, 2017",0,0.04,0.84,,143
"June 2, 2017",0.01,0.17,0.23,,4
"June 1, 2017",0.16,0.22,0.22,<,2
"May 27, 2017",0,0.55,1.18,,76
"May 26, 2017",0.55,1.18,1.18,,523
"May 25, 2017",0.63,0.63,0.63,,70
"September 4, 2016",0,0,0,<,10
"September 3, 2016",0,0,0.02,<,10
"September 2, 2016",0,0.02,0.02,,17
"September 1, 2016",0.02,0.02,0.02,,13
"August 31, 2016",0,0,0,,10
"August 30, 2016",0,0,0,,10
"August 29, 2016",0,0,0,,10
"August 28, 2016",0,0,0,,30
"August 27, 2016",0,0,0,,61
"August 26, 2016",0,0,0,,24
"August 25, 2016",0,0,0,,2
"August 24, 2016",0,0,0.89,,10
"August 23, 2016",0,0.89,0.9,,31
"August 22, 2016",0.89,0.9,0.9,,243
"August 21, 2016",0.01,0.01,0.01,,46
"August 20, 2016",0,0,0,,5
"August 19, 2016",0,0,0,,58
"August 18, 2016",0,0,0,,223
"August 17, 2016",0,0,0,,10
"August 16, 2016",0,0,0.18,,20
"August 15, 2016",0,0.18,0.52,,10
"August 14, 2016",0.18,0.52,0.53,,30
"August 13, 2016",0.34,0.35,0.35,,85
"August 12, 2016",0.01,0.01,0.24,,2
"August 11, 2016",0,0.23,0.23,,18
"August 10, 2016",0.23,0.23,0.23,,10
"August 9, 2016",0,0,0,,10
"August 8, 2016",0,0,0.02,<,10
"August 7, 2016",0,0.02,0.02,<,10
"August 6, 2016",0.02,0.02,0.02,,20
"August 5, 2016",0,0,0,,49
"August 4, 2016",0,0,0.04,,79
"August 3, 2016",0,0.04,0.04,,4
"August 2, 2016",0.04,0.04,0.19,,10
"August 1, 2016",0,0.15,0.15,,20
"July 31, 2016",0.15,0.15,0.21,,30
"July 30, 2016",0,0.06,0.06,<,10
"July 29, 2016",0.06,0.06,0.06,,5
"July 28, 2016",0,0,0,,2
"July 27, 2016",0,0,0,,10
"July 26, 2016",0,0,0,,20
"July 25, 2016",0,0,0,,97
"July 24, 2016",0,0,0,,118
"July 23, 2016",0,0,0,,110
"July 22, 2016",0,0,0,,35
"July 21, 2016",0,0,0,,1330
"July 20, 2016",0,0,0.01,,31
"July 19, 2016",0,0.01,0.01,,382
"July 18, 2016",0.01,0.01,0.01,<,10
"July 17, 2016",0,0,0,,10
"July 16, 2016",0,0,0,,20
"July 15, 2016",0,0,0,,8
"July 14, 2016",0,0,0,,10
"July 13, 2016",0,0,0,<,10
"July 12, 2016",0,0,0.09,,10
"July 11, 2016",0,0.09,0.2,<,10
"July 10, 2016",0.09,0.2,0.22,,10
"July 9, 2016",0.11,0.13,0.13,,299
"July 8, 2016",0.02,0.02,0.02,,4
"July 7, 2016",0,0,0.23,,86
"July 6, 2016",0,0.23,0.23,,15
"July 5, 2016",0.23,0.23,0.23,,500
"July 4, 2016",0,0,0,,10
"July 3, 2016",0,0,0.2,,20
"July 2, 2016",0,0.2,0.2,,30
"July 1, 2016",0.2,0.2,0.23,<,10
"June 30, 2016",0,0.03,0.11,,18
"June 29, 2016",0.03,0.11,0.11,,41
"June 28, 2016",0.08,0.08,0.08,,10
"June 27, 2016",0,0,0,,10
"June 26, 2016",0,0,0,<,10
"June 25, 2016",0,0,0,,31
"June 24, 2016",0,0,0,,20
"June 23, 2016",0,0,0.02,,22
"June 22, 2016",0,0.02,0.02,,15
"June 21, 2016",0.02,0.02,0.02,,20
"June 20, 2016",0,0,0,<,10
"June 19, 2016",0,0,0.12,,10
"June 18, 2016",0,0.12,0.12,,85
"June 17, 2016",0.12,0.12,0.12,,58
"June 16, 2016",0,0,0,,6
"June 15, 2016",0,0,0,,10
"June 14, 2016",0,0,0,<,10
"June 13, 2016",0,0,0.02,,10
"June 12, 2016",0,0.02,0.02,<,2
"June 11, 2016",0.02,0.02,0.02,,6
"June 10, 2016",0,0,0,,28
"June 9, 2016",0,0,0.15,,8
"June 2, 2016",0,0,0,,48
"May 31, 2016",0,1.13,1.13,,30
"May 26, 2016",0,0,0.26,,11
"September 6, 2015",0,0,0,,31
"September 5, 2015",0,0,0.01,,41
"September 4, 2015",0,0.01,0.01,,54
"September 3, 2015",0.01,0.01,0.01,,25
"September 2, 2015",0,0,0,,4
"September 1, 2015",0,0,0,,20
"August 31, 2015",0,0,0,<,2
"August 30, 2015",0,0,0,,109
"August 29, 2015",0,0,0,,52
"August 28, 2015",0,0,0,,14
"August 27, 2015",0,0,0,,60
"August 26, 2015",0,0,0,,74
"August 25, 2015",0,0,0.02,,20
"August 24, 2015",0,0.02,0.02,,262
"August 23, 2015",0.02,0.02,0.65,,110
"August 22, 2015",0,0.63,0.63,,146
"August 21, 2015",0.63,0.63,0.63,,56
"August 20, 2015",0,0,0.14,,41
"August 19, 2015",0,0.14,0.14,,20
"August 18, 2015",0.14,0.14,0.14,,41
"August 17, 2015",0,0,0.08,,278
"August 16, 2015",0,0.08,0.08,,413
"August 15, 2015",0.08,0.08,0.08,,135
"August 14, 2015",0,0,0,,2
"August 13, 2015",0,0,0.83,,90
"August 12, 2015",0,0.83,0.83,,272
"August 11, 2015",0.83,0.83,0.83,,20
"August 10, 2015",0,0,0,,41
"August 9, 2015",0,0,0,,10
"August 8, 2015",0,0,0,,30
"August 7, 2015",0,0,0,,90
"August 6, 2015",0,0,0.49,,108
"August 5, 2015",0,0.49,0.49,,663
"August 4, 2015",0.49,0.49,0.49,,185
"August 2, 2015",0,0,0,,22
"August 1, 2015",0,0,0.02,,14
"July 31, 2015",0,0.02,0.02,,20
"July 30, 2015",0.02,0.02,0.02,,33
"July 29, 2015",0,0,0.06,,121
"July 28, 2015",0,0.06,0.06,,41
"July 27, 2015",0.06,0.06,0.06,,20
"July 26, 2015",0,0,0.01,,10
"July 25, 2015",0,0.01,0.01,,74
"July 24, 2015",0.01,0.01,0.01,,2
"July 23, 2015",0,0,0,,148
"July 22, 2015",0,0,0,,52
"July 21, 2015",0,0,0,,121
"July 20, 2015",0,0,0.14,<,10
"July 19, 2015",0,0.14,0.14,,84
"July 18, 2015",0.14,0.14,0.14,,52
"July 16, 2015",0,0,0.03,,65
"July 15, 2015",0,0.03,0.03,,146
"July 14, 2015",0.03,0.03,0.03,,305
"July 13, 2015",0,0,0,,85
"July 12, 2015",0,0,1.12,,109
"July 11, 2015",0,1.12,1.27,,31
"July 10, 2015",1.12,1.27,1.27,,485
"July 9, 2015",0.15,0.15,0.17,,65
"July 8, 2015",0,0.02,0.02,,30
"July 7, 2015",0.02,0.02,0.02,,175
"July 6, 2015",0,0,0,,20
"July 5, 2015",0,0,0,,6
"July 3, 2015",0,0,0.54,,8
"July 2, 2015",0,0.54,0.54,,200
"July 1, 2015",0.54,0.54,0.54,,52
"June 30, 2015",0,0,1.43,,262
"June 29, 2015",0,1.43,1.63,,712
"June 28, 2015",1.43,1.63,1.63,,201
"June 27, 2015",0.2,0.2,0.2,,10
"June 26, 2015",0,0,0,,34
"June 25, 2015",0,0,0.01,,16
"June 24, 2015",0,0.01,0.01,,31
"June 23, 2015",0.01,0.01,1.73,,63
"June 22, 2015",0,1.72,1.76,,432
"June 21, 2015",1.72,1.76,1.76,,199
"June 20, 2015",0.04,0.04,0.04,<,10
"June 19, 2015",0,0,0,,93
"June 18, 2015",0,0,0,,2
"June 17, 2015",0,0,0.4,,5
"June 16, 2015",0,0.4,0.4,,63
"June 15, 2015",0.4,0.4,0.4,,74
"June 14, 2015",0,0,0,,10
"June 13, 2015",0,0,0,,20
"June 12, 2015",0,0,0,,12
"June 11, 2015",0,0,0,,2
"June 5, 2015",0,0,0,,33
"June 4, 2015",0,0,0.74,,238
"May 28, 2015",0,0,0,,2
"May 21, 2015",0,0,0.27,,19
"August 31, 2014",0.54,0.54,0.54,<,10
"August 30, 2014",0,0,0,,10
"August 29, 2014",0,0,0.02,<,2
"August 28, 2014",0,0.02,0.02,,13
"August 27, 2014",0.02,0.02,0.02,,2
"August 26, 2014",0,0,0,,2
"August 25, 2014",0,0,0,,74
"August 24, 2014",0,0,0.08,,41
"August 23, 2014",0,0.08,0.08,,10
"August 22, 2014",0.08,0.08,0.08,,22
"August 21, 2014",0,0,0,,12
"August 20, 2014",0,0,0,,41
"August 19, 2014",0,0,0,,51
"August 18, 2014",0,0,0,<,10
"August 17, 2014",0,0,0,,10
"August 16, 2014",0,0,0,,10
"August 15, 2014",0,0,1.06,,16
"August 14, 2014",0,1.06,1.06,,71
"August 13, 2014",1.06,1.06,1.06,,79
"August 12, 2014",0,0,0,,27
"August 11, 2014",0,0,0,,12
"August 10, 2014",0,0,0,,10
"August 9, 2014",0,0,0.01,,52
"August 8, 2014",0,0.01,0.02,,12
"August 7, 2014",0.01,0.02,0.02,,28
"August 6, 2014",0.01,0.01,0.01,,20
"August 5, 2014",0,0,0,<,10
"August 4, 2014",0,0,0.03,<,10
"August 3, 2014",0,0.03,0.03,,20
"August 2, 2014",0.03,0.03,0.03,,20
"August 1, 2014",0,0,0,,8
"July 31, 2014",0,0,0,,37
"July 30, 2014",0,0,0.11,<,2
"July 29, 2014",0,0.11,0.46,<,2
"July 28, 2014",0.11,0.46,0.46,,8
"July 27, 2014",0.35,0.35,0.35,,10
"July 26, 2014",0,0,0,,10
"July 25, 2014",0,0,0,,4
"July 24, 2014",0,0,0,,5
"July 23, 2014",0,0,0,<,10
"July 22, 2014",0,0,0,<,10
"July 21, 2014",0,0,0,,31
"July 20, 2014",0,0,0,,62
"July 19, 2014",0,0,0,<,10
"July 18, 2014",0,0,0.85,,546
"July 17, 2014",0,0.85,0.85,,185
"July 16, 2014",0.85,0.85,1.52,,10
"July 15, 2014",0,0.67,0.67,,100
"July 14, 2014",0.67,0.67,0.67,,8
"July 13, 2014",0,0,0,,6
"July 12, 2014",0,0,0,,74
"July 11, 2014",0,0,0,,56
"July 10, 2014",0,0,0,,20
"July 9, 2014",0,0,0.08,,10
"July 8, 2014",0,0.08,0.08,,10
"July 7, 2014",0.08,0.08,0.43,,63
"July 6, 2014",0,0.35,2.23,,31
"July 5, 2014",0.35,2.23,2.51,,2380
"July 2, 2014",0,0,0,,2
"July 1, 2014",0,0,0,,10
"June 30, 2014",0,0,0,<,2
"June 29, 2014",0,0,0,<,2
"June 28, 2014",0,0,0.28,,2
"June 27, 2014",0,0.28,0.28,,2
"June 26, 2014",0.28,0.28,0.28,,33
"June 25, 2014",0,0,0,,10
"June 24, 2014",0,0,0,<,10
"June 23, 2014",0,0,0,<,10
"June 22, 2014",0,0,0,,20
"June 21, 2014",0,0,0,,41
"June 20, 2014",0,0,0,,5
"June 19, 2014",0,0,0.02,,27
"June 17, 2014",0.02,0.02,0.02,,6
"June 16, 2014",0,0,0.01,,25
"June 14, 2014",0.01,0.55,0.55,,151
"June 12, 2014",0,0,0.85,,52
"June 6, 2014",0,0.78,0.92,,18
"June 5, 2014",0.78,0.92,0.92,,30
"May 29, 2014",0,0.08,0.56,,48
"May 22, 2014",0.25,0.25,0.25,,12
"August 30, 2013",0,0,0,,2
"August 29, 2013",0,0,0.01,,30
"August 28, 2013",0,0.01,0.02,,10
"August 27, 2013",0.01,0.02,0.02,<,10
"August 26, 2013",0.01,0.01,0.01,<,10
"August 25, 2013",0,0,0,,2
"August 24, 2013",0,0,0,,4
"August 23, 2013",0,0,0,,17
"August 22, 2013",0,0,0,,25
"August 21, 2013",0,0,0,,10
"August 20, 2013",0,0,0,,166
"August 19, 2013",0,0,0,,426
"August 18, 2013",0,0,0,,41
"August 17, 2013",0,0,0,,98
"August 16, 2013",0,0,0,,6
"August 15, 2013",0,0,0,,18
"August 14, 2013",0,0,0,,148
"August 13, 2013",0,0,0,<,10
"August 12, 2013",0,0,0,,2
"August 11, 2013",0,0,1.62,,27
"August 10, 2013",0,1.62,1.69,,20
"August 9, 2013",1.62,1.69,1.69,,15
"August 8, 2013",0.07,0.07,0.07,,15
"August 7, 2013",0,0,0,<,2
"August 6, 2013",0,0,0,,10
"August 5, 2013",0,0,0,,52
"August 4, 2013",0,0,0.13,,31
"August 3, 2013",0,0.13,0.13,,63
"August 2, 2013",0.13,0.13,0.13,,2
"August 1, 2013",0,0,0,<,2
"July 31, 2013",0,0,0.33,,63
"July 30, 2013",0,0.33,0.34,,20
"July 29, 2013",0.33,0.34,0.34,,51
"July 28, 2013",0.01,0.01,1.01,,318
"July 27, 2013",0,1,1.27,,62
"July 26, 2013",1,1.27,1.27,>,2600
"July 25, 2013",0.27,0.27,2.03,,331
"July 24, 2013",0,1.76,1.76,,38
"July 23, 2013",1.76,1.76,1.77,,28
"July 22, 2013",0,0.01,0.01,,85
"July 21, 2013",0.01,0.01,0.01,,52
"July 20, 2013",0,0,0,,10
"July 19, 2013",0,0,0,,7
"July 18, 2013",0,0,0.01,,6
"July 17, 2013",0,0.01,0.01,<,10
"July 16, 2013",0.01,0.01,0.01,,52
"July 15, 2013",0,0,0,,10
"July 14, 2013",0,0,0,<,10
"July 13, 2013",0,0,0.17,<,2
"July 12, 2013",0,0.17,0.18,,223
"July 11, 2013",0.17,0.18,0.18,,2
"July 10, 2013",0.01,0.01,0.02,,4
"July 9, 2013",0,0.01,0.01,,105
"July 8, 2013",0.01,0.01,0.01,,27
"July 7, 2013",0,0,0,<,10
"July 6, 2013",0,0,0,,10
"July 5, 2013",0,0,0,,2
"July 3, 2013",0,0,0.03,,51
"July 2, 2013",0,0.03,0.14,,4
"July 1, 2013",0.03,0.14,0.21,,31
"June 30, 2013",0.11,0.18,0.63,,20
"June 29, 2013",0.07,0.52,0.55,,31
"June 28, 2013",0.45,0.48,0.52,,385
"June 27, 2013",0.03,0.07,0.07,,262
"June 26, 2013",0.04,0.04,0.37,,13
"June 25, 2013",0,0.33,0.33,,4
"June 24, 2013",0.33,0.33,0.33,,14
"June 23, 2013",0,0,0,,52
"June 22, 2013",0,0,0,,359
"June 21, 2013",0,0,0,,10
"June 20, 2013",0,0,0.63,,102
"June 19, 2013",0,0.63,1.06,,700
"June 15, 2013",0,1.02,1.74,,430
"June 14, 2013",1.02,1.74,1.81,,2600
"June 13, 2013",0.72,0.79,2.17,,315
"June 9, 2013",0,0.54,3.61,,29
"June 8, 2013",0.54,3.61,3.63,>,2600
"June 6, 2013",0.02,0.02,0.02,,6
"June 4, 2013",0,0.71,0.71,,110
"May 30, 2013",0,0.84,0.84,,23
"May 23, 2013",0.05,0.1,0.11,,43
"August 31, 2012",0,0,0,,2
"August 30, 2012",0,0,0.15,,2
"August 29, 2012",0,0.15,0.15,,10
"August 28, 2012",0.15,0.15,0.15,<,10
"August 27, 2012",0,0,0,<,10
"August 26, 2012",0,0,0,<,10
"August 25, 2012",0,0,0,,10
"August 24, 2012",0,0,0,,2
"August 23, 2012",0,0,0,,37
"August 22, 2012",0,0,0,,10
"August 21, 2012",0,0,0,,10
"August 20, 2012",0,0,0.04,,52
"August 19, 2012",0,0.04,0.04,,13
"August 18, 2012",0.04,0.04,0.04,,18
"August 17, 2012",0,0,0.83,,13
"August 16, 2012",0,0.83,0.83,,10
"August 15, 2012",0.83,0.83,0.83,,41
"August 14, 2012",0,0,0.01,,20
"August 13, 2012",0,0.01,0.01,<,10
"August 12, 2012",0.01,0.01,1.18,,31
"August 11, 2012",0,1.17,1.17,,336
"August 10, 2012",1.17,1.17,1.17,,192
"August 9, 2012",0,0,0,,18
"August 8, 2012",0,0,0,<,10
"August 7, 2012",0,0,0.08,,10
"August 6, 2012",0,0.08,0.08,,41
"August 5, 2012",0.08,0.08,0.08,,41
"August 4, 2012",0,0,0,,63
"August 3, 2012",0,0,0.8,,18
"August 2, 2012",0,0.8,1.28,,40
"August 1, 2012",0.8,1.28,1.28,,38
"July 31, 2012",0.48,0.48,0.48,,20
"July 30, 2012",0,0,0.87,,52
"July 29, 2012",0,0.87,0.89,,601
"July 28, 2012",0.87,0.89,0.89,,20
"July 27, 2012",0.02,0.02,0.02,,15
"July 26, 2012",0,0,0.55,,4
"July 25, 2012",0,0.55,0.57,,63
"July 24, 2012",0.55,0.57,0.57,,71
"July 23, 2012",0.02,0.02,0.02,<,10
"July 22, 2012",0,0,0,,20
"July 21, 2012",0,0,0.06,,68
"July 20, 2012",0,0.06,1.8,,2
"July 19, 2012",0.06,1.8,1.8,,254
"July 18, 2012",1.74,1.74,1.74,<,2
"July 17, 2012",0,0,0,<,2
"July 16, 2012",0,0,0,<,10
"July 15, 2012",0,0,0,,10
"July 14, 2012",0,0,0,,52
"July 13, 2012",0,0,0,<,2
"July 12, 2012",0,0,0,,8
"July 11, 2012",0,0,0,,20
"July 10, 2012",0,0,0,<,10
"July 9, 2012",0,0,0,,31
"July 8, 2012",0,0,0,,20
"July 7, 2012",0,0,0,,10
"July 6, 2012",0,0,0.14,,15
"July 5, 2012",0,0.14,0.14,,6
"July 4, 2012",0.14,0.14,0.14,,6
"July 3, 2012",0,0,0,,6
"July 2, 2012",0,0,0,,14
"July 1, 2012",0,0,0.05,,63
"June 30, 2012",0,0.05,0.05,<,10
"June 29, 2012",0.05,0.05,0.05,<,2
"June 28, 2012",0,0,0.06,,10
"June 27, 2012",0,0.06,0.99,<,10
"June 26, 2012",0.06,0.99,0.99,,670
"June 25, 2012",0.93,0.93,2.12,,30
"June 24, 2012",0,1.19,1.21,,41
"June 23, 2012",1.19,1.21,1.21,,20
"June 22, 2012",0.02,0.02,0.02,<,2
"June 21, 2012",0,0,0,,8
"June 14, 2012",0,0.7,0.71,,68
"June 9, 2012",0,0.31,0.35,,45
"June 7, 2012",0.04,0.04,0.17,,18
"May 31, 2012",0,0,0.17,,4
"May 24, 2012",0,0,0.58,,2
"September 4, 2011",0,0,0,<,10
"September 3, 2011",0,0,0,,30
"September 2, 2011",0,0,0,,52
"September 1, 2011",0,0,0,,30
"August 31, 2011",0,0,0,,10
"August 30, 2011",0,0,0.91,,121
"August 29, 2011",0,0.91,1.68,,20
"August 27, 2011",0.77,0.8,0.86,<,10
"August 26, 2011",0.03,0.09,0.09,,63
"August 25, 2011",0.06,0.06,0.06,<,2
"August 24, 2011",0,0,0.59,<,10
"August 23, 2011",0,0.59,0.59,<,10
"August 22, 2011",0.59,0.59,0.59,,20
"August 21, 2011",0,0,0.03,<,10
"August 20, 2011",0,0.03,0.03,,20
"August 19, 2011",0.03,0.03,0.03,,6
"August 18, 2011",0,0,0.01,,4
"August 17, 2011",0,0.01,1.44,,52
"August 16, 2011",0.01,1.44,1.46,,1200
"August 15, 2011",1.43,1.45,1.45,,108
"August 14, 2011",0.02,0.02,0.02,,20
"August 13, 2011",0,0,0,,74
"August 12, 2011",0,0,0.73,,57
"August 11, 2011",0,0.73,1.94,,431
"August 10, 2011",0.73,1.94,2.23,,11200
"August 9, 2011",1.21,1.5,2.56,,120
"August 8, 2011",0.29,1.35,1.35,,134
"August 7, 2011",1.06,1.06,1.06,,10
"August 6, 2011",0,0,0,,10
"August 5, 2011",0,0,0,<,2
"August 4, 2011",0,0,0.6,,60
"August 3, 2011",0,0.6,0.6,,97
"August 2, 2011",0.6,0.6,0.6,,52
"August 1, 2011",0,0,0,,20
"July 31, 2011",0,0,0.14,,52
"July 30, 2011",0,0.14,0.14,,61
"July 29, 2011",0.14,0.14,0.14,,2
"July 28, 2011",0,0,0.01,,6
"July 27, 2011",0,0.01,0.16,<,10
"July 26, 2011",0.01,0.16,0.18,,10
"July 25, 2011",0.15,0.17,0.28,,20
"July 24, 2011",0.02,0.13,0.13,,31
"July 23, 2011",0.11,0.11,0.11,<,10
"July 22, 2011",0,0,0,,10
"July 21, 2011",0,0,0,<,2
"July 20, 2011",0,0,0,,10
"July 19, 2011",0,0,0,<,10
"July 18, 2011",0,0,0,<,10
"July 17, 2011",0,0,0,<,10
"July 16, 2011",0,0,0.72,,10
"July 15, 2011",0,0.72,1.17,,15
"July 14, 2011",0.72,1.17,1.17,,10
"July 13, 2011",0.45,0.45,0.45,,20
"July 12, 2011",0,0,0,<,10
"July 11, 2011",0,0,0.12,<,10
"July 10, 2011",0,0.12,0.41,,20
"July 9, 2011",0.12,0.41,0.41,,173
"July 8, 2011",0.29,0.29,0.29,,10
"July 7, 2011",0,0,0,<,2
"July 6, 2011",0,0,0,<,10
"July 5, 2011",0,0,0.03,,20
"July 4, 2011",0,0.03,0.03,,20
"July 3, 2011",0.03,0.03,0.03,,30
"July 2, 2011",0,0,0,<,10
"July 1, 2011",0,0,0.18,<,2
"June 30, 2011",0,0.18,0.18,,2
"June 29, 2011",0.18,0.18,0.18,<,10
"June 28, 2011",0,0,0,,20
"June 27, 2011",0,0,0.27,,10
"June 26, 2011",0,0.27,0.28,,74
"June 25, 2011",0.27,0.28,0.45,,327
"June 24, 2011",0.01,0.18,2,,620
"June 23, 2011",0.17,1.99,1.99,,2600
"June 17, 2011",0.04,0.04,0.04,,8
"June 16, 2011",0,0,0.04,,2
"June 10, 2011",0,0.51,0.51,,7
"June 9, 2011",0.51,0.51,0.51,,33
"June 3, 2011",0,0,0.56,,12
"June 2, 2011",0,0.56,0.56,,540
"May 26, 2011",0,0,0.17,,2
"September 5, 2010",0,0.02,0.36,,85
"September 2, 2010",0,0,0,,754
"September 1, 2010",0,0,0,,74
"August 31, 2010",0,0,0,,20
"August 30, 2010",0,0,0,,41
"August 29, 2010",0,0,0,,41
"August 28, 2010",0,0,0,,30
"August 27, 2010",0,0,2.76,,8
"August 26, 2010",0,2.76,3.54,,315
"August 25, 2010",2.76,3.54,4.24,,11200
"August 24, 2010",0.78,1.48,1.72,,581
"August 23, 2010",0.7,0.94,0.94,,122
"August 22, 2010",0.24,0.24,0.24,,20
"August 21, 2010",0,0,0,,41
"August 20, 2010",0,0,0,<,2
"August 19, 2010",0,0,0,,2
"August 18, 2010",0,0,0.21,,41
"August 17, 2010",0,0.21,0.21,,41
"August 16, 2010",0.21,0.21,0.21,<,10
"August 15, 2010",0,0,0,,20
"August 14, 2010",0,0,0,,20
"August 13, 2010",0,0,0,,6
"August 12, 2010",0,0,0.07,,10
"August 11, 2010",0,0.07,0.07,,107
"August 10, 2010",0.07,0.07,0.07,,86
"August 9, 2010",0,0,0,,63
"August 8, 2010",0,0,0,,63
"August 7, 2010",0,0,0.99,,97
"August 6, 2010",0,0.99,0.99,,78
"August 5, 2010",0.99,0.99,0.99,<,2
"August 4, 2010",0,0,0,<,10
"August 3, 2010",0,0,0,<,10
"August 2, 2010",0,0,0,<,10
"August 1, 2010",0,0,0,,10
"July 31, 2010",0,0,0.04,,41
"July 30, 2010",0,0.04,0.04,<,2
"July 29, 2010",0.04,0.04,0.04,,12
"July 28, 2010",0,0,0,<,10
"July 27, 2010",0,0,0,<,10
"July 26, 2010",0,0,0,,62
"July 25, 2010",0,0,0.49,<,10
"July 24, 2010",0,0.49,0.49,,399
"July 23, 2010",0.49,0.49,0.54,<,2
"July 22, 2010",0,0.05,0.05,<,2
"July 21, 2010",0.05,0.05,0.05,,10
"July 20, 2010",0,0,0,<,10
"July 19, 2010",0,0,0,<,10
"July 18, 2010",0,0,0.02,<,10
"July 17, 2010",0,0.02,0.02,<,10
"July 16, 2010",0.02,0.02,0.13,,254
"July 15, 2010",0,0.11,0.15,,6
"July 14, 2010",0.11,0.15,0.4,,110
"July 13, 2010",0.04,0.29,0.3,,63
"July 12, 2010",0.25,0.26,1.91,,132
"July 11, 2010",0.01,1.66,1.66,,175
"July 10, 2010",1.65,1.65,1.65,,10
"July 9, 2010",0,0,0,<,2
"July 8, 2010",0,0,0,,2
"July 7, 2010",0,0,0,,10
"July 6, 2010",0,0,0,<,10
"July 5, 2010",0,0,0,<,10
"July 4, 2010",0,0,0,,10
"July 3, 2010",0,0,0,<,10
"July 2, 2010",0,0,0,,4
"July 1, 2010",0,0,0,,6
"June 30, 2010",0,0,0,,41
"June 29, 2010",0,0,0,,20
"June 28, 2010",0,0,0,,31
"June 27, 2010",0,0,0,,20
"June 26, 2010",0,0,0.05,,30
"June 25, 2010",0,0.05,0.11,,10
"June 24, 2010",0.05,0.11,0.11,,2
"June 23, 2010",0.06,0.06,0.06,,31
"June 22, 2010",0,0,0.16,,74
"June 21, 2010",0,0.16,0.16,,199
"June 20, 2010",0.16,0.16,0.16,<,10
"June 19, 2010",0,0,0,,10
"June 18, 2010",0,0,0.02,<,2
"June 17, 2010",0,0.02,0.02,,30
"June 12, 2010",0.18,0.18,0.28,,4
"June 10, 2010",0.1,0.14,0.14,,154
"June 7, 2010",0,0.71,1.42,,16
"June 3, 2010",0.7,0.7,1.13,,22
"May 27, 2010",0.05,0.11,0.11,,38
"September 5, 2009",0,0,0,<,10
"September 4, 2009",0,0,0,<,2
"September 3, 2009",0,0,0,,8
"September 2, 2009",0,0,0,<,10
"September 1, 2009",0,0,0,,10
"August 31, 2009",0,0,1.65,,10
"August 30, 2009",0,1.65,1.74,,226
"August 28, 2009",0.09,0.09,0.09,,22
"August 27, 2009",0,0,0,,22
"August 26, 2009",0,0,0.77,<,10
"August 25, 2009",0,0.77,0.9,<,10
"August 24, 2009",0.77,0.9,1.07,<,10
"August 23, 2009",0.13,0.3,0.3,,97
"August 22, 2009",0.17,0.17,0.45,,86
"August 21, 2009",0,0.28,0.28,,30
"August 20, 2009",0.28,0.28,0.28,,46
"August 19, 2009",0,0,0,,10
"August 18, 2009",0,0,0,<,10
"August 17, 2009",0,0,0,,10
"August 16, 2009",0,0,0,,10
"August 15, 2009",0,0,0.09,<,10
"August 14, 2009",0,0.09,0.09,,6
"August 13, 2009",0.09,0.09,0.14,,450
"August 12, 2009",0,0.05,0.06,,1790
"August 11, 2009",0.05,0.06,0.06,,63
"August 10, 2009",0.01,0.01,0.01,<,10
"August 9, 2009",0,0,0,<,10
"August 8, 2009",0,0,0,<,10
"August 7, 2009",0,0,0,<,2
"August 6, 2009",0,0,0,,24
"August 5, 2009",0,0,0,<,10
"August 4, 2009",0,0,0,,20
"August 3, 2009",0,0,0,<,10
"August 2, 2009",0,0,0.44,,10
"August 1, 2009",0,0.44,0.95,,110
"July 31, 2009",0.44,0.95,0.95,,2
"July 30, 2009",0.51,0.51,0.51,,8
"July 29, 2009",0,0,0,<,10
"July 28, 2009",0,0,0.02,,85
"July 27, 2009",0,0.02,0.02,,10
"July 26, 2009",0.02,0.02,1.95,,146
"July 25, 2009",0,1.93,2.36,,738
"July 24, 2009",1.93,2.36,2.36,,2400
"July 23, 2009",0.43,0.43,0.95,,40
"July 22, 2009",0,0.52,0.52,,84
"July 21, 2009",0.52,0.52,0.52,,73
"July 20, 2009",0,0,0.24,,10
"July 19, 2009",0,0.24,0.24,,10
"July 18, 2009",0.24,0.24,0.24,,74
"July 17, 2009",0,0,0,,2
"July 16, 2009",0,0,0,<,2
"July 15, 2009",0,0,0,,10
"July 14, 2009",0,0,0.28,,10
"July 13, 2009",0,0.28,0.64,,20
"July 12, 2009",0.28,0.64,0.64,,10
"July 11, 2009",0.36,0.36,0.36,<,10
"July 10, 2009",0,0,0.02,,2
"July 9, 2009",0,0.02,0.71,,27
"July 8, 2009",0.02,0.71,0.71,,246
"July 7, 2009",0.69,0.69,0.69,,86
"July 6, 2009",0,0,0,,73
"July 5, 2009",0,0,0,,20
"July 4, 2009",0,0,0.85,,52
"July 3, 2009",0,0.85,1.46,,119
"July 2, 2009",0.85,1.46,1.53,>,3000
"July 1, 2009",0.61,0.68,1.13,,74
"June 30, 2009",0.07,0.52,0.55,,108
"June 29, 2009",0.45,0.48,0.48,,1940
"June 28, 2009",0.03,0.03,0.06,,63
"June 27, 2009",0,0.03,0.08,,20
"June 26, 2009",0.03,0.08,0.22,,2
"June 25, 2009",0.05,0.19,0.21,,64
"June 24, 2009",0.14,0.16,0.55,,323
"June 23, 2009",0.02,0.41,0.45,,1050
"June 22, 2009",0.39,0.43,0.43,,437
"June 21, 2009",0.04,0.04,0.54,,52
"June 20, 2009",0,0.5,0.93,,52
"June 19, 2009",0.5,0.93,0.93,<,10
"June 18, 2009",0.43,0.43,0.43,<,2
"June 15, 2009",0,0.2,0.2,<,2
"June 11, 2009",0.2,0.2,0.3,,2
"June 4, 2009",0,0,0,,2
"June 1, 2009",0,0.03,0.17,,29
"May 29, 2009",0.13,0.13,0.29,,135
"May 21, 2009",0,0,0,,2
"August 31, 2008",0,0,0,,669
"August 30, 2008",0,0,0,,52
"August 29, 2008",0,0,0,,12
"August 28, 2008",0,0,0,,6
"August 27, 2008",0,0,0,<,10
"August 26, 2008",0,0,0,,10
"August 25, 2008",0,0,0,,20
"August 24, 2008",0,0,0,<,10
"August 23, 2008",0,0,0,<,10
"August 22, 2008",0,0,0,,17
"August 21, 2008",0,0,0.01,,25
"August 20, 2008",0,0.01,0.01,,108
"August 19, 2008",0.01,0.01,0.01,,199
"August 18, 2008",0,0,0,,52
"August 17, 2008",0,0,0.35,,135
"August 16, 2008",0,0.35,0.44,,31
"August 15, 2008",0.35,0.44,0.44,,8
"August 14, 2008",0.09,0.09,0.19,,12
"August 13, 2008",0,0.1,0.16,,677
"August 12, 2008",0.1,0.16,1.41,,238
"August 11, 2008",0.06,1.31,1.31,<,10
"August 10, 2008",1.25,1.25,2.56,,10
"August 9, 2008",0,1.31,1.45,,173
"August 8, 2008",1.31,1.45,1.73,,148
"August 7, 2008",0.14,0.42,0.42,,18
"August 6, 2008",0.28,0.28,0.28,,243
"August 5, 2008",0,0,0.33,,74
"August 4, 2008",0,0.33,0.88,,727
"August 3, 2008",0.33,0.88,0.88,,450
"August 2, 2008",0.55,0.55,0.59,,10
"August 1, 2008",0,0.04,0.04,,37
"July 31, 2008",0.04,0.04,0.04,,59
"July 30, 2008",0,0,0,,86
"July 29, 2008",0,0,0.19,,213
"July 28, 2008",0,0.19,0.19,<,10
"July 27, 2008",0.19,0.19,0.19,<,10
"July 26, 2008",0,0,2.16,,30
"July 25, 2008",0,2.16,2.82,,382
"July 24, 2008",2.16,2.82,3.07,,10
"July 23, 2008",0.66,0.91,1.05,,10
"July 22, 2008",0.25,0.39,1.54,,97
"July 21, 2008",0.14,1.29,1.29,,52
"July 20, 2008",1.15,1.15,1.28,,20
"July 19, 2008",0,0.13,0.13,,20
"July 18, 2008",0.13,0.13,0.13,,6
"July 17, 2008",0,0,0,<,2
"July 16, 2008",0,0,0.07,,10
"July 15, 2008",0,0.07,0.07,<,10
"July 14, 2008",0.07,0.07,0.07,,41
"July 13, 2008",0,0,0,<,10
"July 12, 2008",0,0,0.01,<,10
"July 11, 2008",0,0.01,0.05,,10
"July 10, 2008",0.01,0.05,0.05,,2
"July 9, 2008",0.04,0.04,0.04,<,10
"July 8, 2008",0,0,0,<,10
"July 7, 2008",0,0,0.01,,20
"July 6, 2008",0,0.01,0.21,,86
"July 5, 2008",0.01,0.21,0.33,,74
"July 4, 2008",0.2,0.32,0.98,,1600
"July 3, 2008",0.12,0.78,0.95,,56
"June 30, 2008",0,0,0,<,10
"June 29, 2008",0,0,0.66,,109
"June 28, 2008",0,0.66,0.66,,201
"June 27, 2008",0.66,0.66,0.66,,4
"June 26, 2008",0,0,0.78,,2
"June 25, 2008",0,0.78,1.24,,20
"June 24, 2008",0.78,1.24,1.24,,31
"June 23, 2008",0.46,0.46,0.46,,20
"June 22, 2008",0,0,0.03,,20
"June 21, 2008",0,0.03,0.03,<,10
"June 20, 2008",0.03,0.03,0.03,<,2
"June 19, 2008",0,0,0,,2
"June 12, 2008",0,0,0,,24
"June 4, 2008",0.56,0.56,0.56,,18
"May 30, 2008",0,0,0,,2
"May 28, 2008",0,0.99,0.99,,138
"May 22, 2008",0.33,0.33,0.33,<,2
"August 31, 2007",0.01,0.01,0.01,,10
"August 30, 2007",0,0,0,,40
"August 29, 2007",0,0,0,,20
"August 28, 2007",0,0,0,<,10
"August 27, 2007",0,0,0,<,10
"August 26, 2007",0,0,0,,41
"August 25, 2007",0,0,0,<,10
"August 24, 2007",0,0,0,<,2
"August 23, 2007",0,0,0,,17
"August 22, 2007",0,0,0,<,10
"August 21, 2007",0,0,0,,20
"August 20, 2007",0,0,0.04,<,10
"August 19, 2007",0,0.04,0.04,<,10
"August 18, 2007",0.04,0.04,0.04,,52
"August 17, 2007",0,0,0,,17
"August 16, 2007",0,0,0,,22
"August 15, 2007",0,0,0,<,10
"August 14, 2007",0,0,0,,10
"August 13, 2007",0,0,0,,20
"August 12, 2007",0,0,0.09,<,10
"August 11, 2007",0,0.09,0.09,,10
"August 10, 2007",0.09,0.09,0.37,,4
"August 9, 2007",0,0.28,0.28,,25
"August 8, 2007",0.28,0.28,0.52,,20
"August 7, 2007",0,0.24,0.24,,85
"August 6, 2007",0.24,0.24,0.24,<,10
"August 5, 2007",0,0,0,,31
"August 4, 2007",0,0,0,,31
"August 3, 2007",0,0,0,,29
"August 2, 2007",0,0,0,,18
"August 1, 2007",0,0,1.72,,31
"July 31, 2007",0,1.72,1.72,,41
"July 30, 2007",1.72,1.72,4.04,,265
"July 29, 2007",0,2.32,2.32,,110
"July 28, 2007",2.32,2.32,2.32,,86
"July 27, 2007",0,0,0,,6
"July 26, 2007",0,0,0,,8
"July 25, 2007",0,0,0.06,<,10
"July 24, 2007",0,0.06,0.06,<,10
"July 23, 2007",0.06,0.06,0.06,,10
"July 22, 2007",0,0,0.01,<,10
"July 21, 2007",0,0.01,0.12,,20
"July 20, 2007",0.01,0.12,0.29,,6
"July 19, 2007",0.11,0.28,0.28,,57
"July 18, 2007",0.17,0.17,0.17,<,10
"July 17, 2007",0,0,0,,10
"July 16, 2007",0,0,0,,20
"July 15, 2007",0,0,0,,31
"July 14, 2007",0,0,0.05,,435
"July 13, 2007",0,0.05,0.05,,8
"July 12, 2007",0.05,0.05,0.05,,4
"July 11, 2007",0,0,0.23,<,10
"July 10, 2007",0,0.23,0.25,,108
"July 9, 2007",0.23,0.25,0.25,,110
"July 8, 2007",0.02,0.02,0.02,,10
"July 7, 2007",0,0,0.31,<,10
"July 6, 2007",0,0.31,0.36,,2
"July 5, 2007",0.31,0.36,0.36,,121
"July 4, 2007",0.05,0.05,0.05,<,10
"July 3, 2007",0,0,0.21,,31
"July 2, 2007",0,0.21,0.21,,10
"July 1, 2007",0.21,0.21,0.21,,20
"June 30, 2007",0,0,0.02,,41
"June 29, 2007",0,0.02,0.02,,105
"June 28, 2007",0.02,0.02,0.02,<,2
"June 27, 2007",0,0,0,<,10
"June 26, 2007",0,0,0,<,10
"June 25, 2007",0,0,0,,10
"June 24, 2007",0,0,0.03,<,10
"June 23, 2007",0,0.03,0.12,,10
"June 22, 2007",0.03,0.12,0.28,,2
"June 21, 2007",0.09,0.25,0.25,,8
"June 20, 2007",0.16,0.16,0.16,,10
"June 19, 2007",0,0,0.02,,10
"June 18, 2007",0,0.02,0.02,<,10
"June 15, 2007",0,0,0,,40
"June 14, 2007",0,0,0.07,,150
"June 7, 2007",0,0,0,,21
"May 31, 2007",0,0,0,,18
"May 24, 2007",0,0,0,<,2
"September 4, 2006",0,0.25,0.25,<,5
"September 3, 2006",0.25,0.25,0.25,,90
"September 2, 2006",0,0,0,,10
"September 1, 2006",0,0,0,,13
"August 31, 2006",0,0,0.14,,29
"August 30, 2006",0,0.14,0.25,<,5
"August 29, 2006",0.14,0.25,0.65,,10
"August 28, 2006",0.11,0.51,0.51,,30
"August 27, 2006",0.4,0.4,1.24,,5
"August 26, 2006",0,0.84,0.85,,40
"August 25, 2006",0.84,0.85,0.85,,3500
"August 24, 2006",0.01,0.01,0.01,,2
"August 23, 2006",0,0,0,,20
"August 22, 2006",0,0,0.8,,5
"August 21, 2006",0,0.8,0.8,<,10
"August 20, 2006",0.8,0.8,0.8,,5
"August 19, 2006",0,0,0,<,5
"August 18, 2006",0,0,0,,6
"August 17, 2006",0,0,0.53,,12
"August 16, 2006",0,0.53,0.53,,30
"August 15, 2006",0.53,0.53,0.53,<,10
"August 14, 2006",0,0,0,,5
"August 13, 2006",0,0,0,<,5
"August 12, 2006",0,0,0,,5
"August 11, 2006",0,0,0,,215
"August 10, 2006",0,0,0,,58
"August 9, 2006",0,0,0.04,,10
"August 8, 2006",0,0.04,0.04,,10
"August 7, 2006",0.04,0.04,0.04,<,5
"August 6, 2006",0,0,0.31,<,5
"August 5, 2006",0,0.31,0.31,,5
"August 4, 2006",0.31,0.31,0.31,,57
"August 3, 2006",0,0,0.02,,6
"August 2, 2006",0,0.02,0.02,,5
"August 1, 2006",0.02,0.02,0.02,,5
"July 31, 2006",0,0,0,,20
"July 30, 2006",0,0,0.29,<,5
"July 29, 2006",0,0.29,0.29,,10
"July 28, 2006",0.29,0.29,0.29,,30
"July 27, 2006",0,0,0,,8
"July 26, 2006",0,0,0,,10
"July 25, 2006",0,0,0.11,,15
"July 24, 2006",0,0.11,0.23,,35
"July 23, 2006",0.11,0.23,1.52,,105
"July 22, 2006",0.12,1.41,1.41,>,1000
"July 21, 2006",1.29,1.29,1.48,,25
"July 20, 2006",0,0.19,0.41,,56
"July 19, 2006",0.19,0.41,0.41,,25
"July 18, 2006",0.22,0.22,0.22,,10
"July 17, 2006",0,0,0,<,5
"July 16, 2006",0,0,0,<,5
"July 15, 2006",0,0,0.17,,25
"July 14, 2006",0,0.17,1.19,,160
"July 13, 2006",0.17,1.19,1.21,,346
"July 12, 2006",1.02,1.04,1.04,,60
"July 11, 2006",0.02,0.02,0.02,,5
"July 10, 2006",0,0,0,<,5
"July 9, 2006",0,0,0,,10
"July 8, 2006",0,0,0.15,,10
"July 7, 2006",0,0.15,0.15,,30
"July 6, 2006",0.15,0.15,0.15,,5
"July 5, 2006",0,0,0,,55
"July 4, 2006",0,0,0,,10
"July 3, 2006",0,0,0,,40
"July 2, 2006",0,0,0.13,,5
"July 1, 2006",0,0.13,0.13,,25
"June 29, 2006",0,0.05,0.05,,10
"June 27, 2006",0,0,0.95,,30
"June 22, 2006",0,0,0.37,,68
"June 15, 2006",0.1,0.1,0.1,,19
"June 12, 2006",0,0,0.43,,130
"June 5, 2006",0,0.3,2.21,,162
"June 1, 2006",0.12,0.12,0.12,<,2
"September 2, 2005",0,0.19,0.22,,10
"August 25, 2005",0,0,0,,6
"August 21, 2005",0.02,0.02,0.02,,40
"August 20, 2005",0,0,0,,5
"August 18, 2005",0,0,0,,37
"August 17, 2005",0,0,0.13,,15
"August 16, 2005",0,0.13,0.73,,25
"August 15, 2005",0.13,0.73,0.8,,750
"August 14, 2005",0.6,0.67,0.67,,35
"August 13, 2005",0.07,0.07,0.3,<,5
"August 12, 2005",0,0.23,0.23,,59
"August 10, 2005",0,0.02,0.02,<,5
"August 8, 2005",0,0,0,,15
"August 7, 2005",0,0,0.55,,1000
"August 6, 2005",0,0.55,0.55,,20
"August 4, 2005",0,0,0.01,,2
"August 3, 2005",0,0.01,0.57,,10
"August 2, 2005",0.01,0.57,0.57,,175
"August 1, 2005",0.56,0.56,0.56,,5
"July 31, 2005",0,0,0,,5
"July 30, 2005",0,0,0,,10
"July 29, 2005",0,0,0,<,2
"July 28, 2005",0,0,0,,6
"July 27, 2005",0,0,0,,10
"July 26, 2005",0,0,0,,30
"July 24, 2005",0,0,0.15,,5
"July 23, 2005",0,0.15,0.15,,25
"July 22, 2005",0.15,0.15,0.15,,6
"July 21, 2005",0,0,0,,52
"July 20, 2005",0,0,0.03,,20
"July 19, 2005",0,0.03,0.03,<,5
"July 18, 2005",0.03,0.03,0.03,,10
"July 17, 2005",0,0,0,<,5
"July 16, 2005",0,0,0,,20
"July 15, 2005",0,0,0,,4
"July 13, 2005",0,0,0,,5
"July 12, 2005",0,0,0,,15
"July 10, 2005",0,0.2,1.15,,15
"July 6, 2005",2.04,2.04,2.04,,220
"July 5, 2005",0,0,0,<,5
"July 4, 2005",0,0,0,,15
"July 3, 2005",0,0,0,<,5
"July 2, 2005",0,0,0,<,5
"July 1, 2005",0,0,0,,22
"June 30, 2005",0,0,0,,8
"June 24, 2005",0,0,0.03,,25
"June 23, 2005",0,0.03,0.03,,54
"June 17, 2005",0.01,0.14,0.2,,92
"June 16, 2005",0.13,0.19,0.19,,205
"September 3, 2004",0,0,0,,24
"September 2, 2004",0,0,0.17,,8
"August 27, 2004",0,0,0,,18
"August 26, 2004",0,0,0,,25
"August 21, 2004",1.05,1.16,1.16,,50
"August 20, 2004",0.11,0.11,0.11,,2
"August 19, 2004",0,0,0.03,,37
"August 18, 2004",0,0.03,0.16,,15
"August 17, 2004",0.03,0.16,1.17,,70
"August 16, 2004",0.13,1.14,1.15,,400
"August 15, 2004",1.01,1.02,1.82,,1500
"August 14, 2004",0.01,0.81,1.36,,35
"August 13, 2004",0.8,1.35,1.35,,43
"August 12, 2004",0.55,0.55,0.55,<,2
"August 11, 2004",0,0,0,<,5
"August 10, 2004",0,0,0,,10
"August 9, 2004",0,0,0,<,5
"August 8, 2004",0,0,0,,5
"August 7, 2004",0,0,0.34,<,5
"August 6, 2004",0,0.34,0.34,,135
"August 5, 2004",0.34,0.34,0.34,,62
"August 2, 2004",0,0,0,,40
"August 1, 2004",0,0,0,,10
"July 31, 2004",0,0,0,,55
"July 30, 2004",0,0,0.21,,40
"July 29, 2004",0,0.21,0.27,,127
"July 28, 2004",0.21,0.27,0.27,,140
"July 27, 2004",0.06,0.06,0.06,,40
"July 26, 2004",0,0,1.2,,15
"July 25, 2004",0,1.2,1.2,,600
"July 23, 2004",0,0,0,,68
"July 22, 2004",0,0,0,,48
"July 21, 2004",0,0,0.04,,5
"July 20, 2004",0,0.04,0.04,<,5
"July 19, 2004",0.04,0.04,0.04,,40
"July 18, 2004",0,0,0,<,5
"July 17, 2004",0,0,0,,5
"July 16, 2004",0,0,0.44,,8
"July 15, 2004",0,0.44,0.61,,240
"July 14, 2004",0.44,0.61,0.61,,220
"July 13, 2004",0.17,0.17,0.17,,5
"July 12, 2004",0,0,0,<,5
"July 11, 2004",0,0,0,,15
"July 10, 2004",0,0,0.06,<,5
"July 9, 2004",0,0.06,0.06,,43
"July 8, 2004",0.06,0.06,0.06,,95
"July 7, 2004",0,0,0.88,,85
"July 2, 2004",0.7,0.81,0.81,,48
"July 1, 2004",0.11,0.11,0.15,,14
"June 25, 2004",0.2,0.2,0.2,,12
"June 24, 2004",0,0,0,,25
"June 18, 2004",0.09,0.1,0.1,,30
"June 17, 2004",0.01,0.01,0.01,,18
"August 29, 2003",0,0,0,,10
"August 28, 2003",0,0,0,,74
"August 23, 2003",0,0.07,0.07,,15
"August 22, 2003",0.07,0.07,0.07,,43
"August 21, 2003",0,0,0,,112
"August 20, 2003",0,0,0,,125
"August 19, 2003",0,0,0.03,<,5
"August 18, 2003",0,0.03,0.03,<,5
"August 17, 2003",0.03,0.03,0.03,,10
"August 16, 2003",0,0,0,,35
"August 15, 2003",0,0,0.05,,210
"August 14, 2003",0,0.05,0.09,,162
"August 13, 2003",0.05,0.09,0.09,,70
"August 12, 2003",0.04,0.04,0.25,,45
"August 11, 2003",0,0.21,0.22,,5
"August 10, 2003",0.21,0.22,1.11,,10
"August 9, 2003",0.01,0.9,1.25,,25
"August 8, 2003",0.89,1.24,1.24,,1220
"August 7, 2003",0.35,0.35,0.36,,26
"August 6, 2003",0,0.01,0.25,,10
"August 5, 2003",0.01,0.25,0.41,,25
"August 4, 2003",0.24,0.4,0.45,,5
"August 3, 2003",0.16,0.21,1.06,,25
"August 2, 2003",0.05,0.9,0.9,,205
"August 1, 2003",0.85,0.85,0.85,,78
"July 31, 2003",0,0,0,,56
"July 30, 2003",0,0,0,,15
"July 29, 2003",0,0,0,<,5
"July 28, 2003",0,0,0,,5
"July 27, 2003",0,0,0,,5
"July 26, 2003",0,0,0.23,<,5
"July 25, 2003",0,0.23,0.86,,104
"July 24, 2003",0.23,0.86,1.18,,130
"July 23, 2003",0.63,0.95,0.95,,705
"July 22, 2003",0.32,0.32,0.32,<,5
"July 21, 2003",0,0,0.43,<,5
"July 20, 2003",0,0.43,0.6,,15
"July 19, 2003",0.43,0.6,0.6,,45
"July 18, 2003",0.17,0.17,0.19,,128
"July 17, 2003",0,0.02,0.02,,36
"July 16, 2003",0.02,0.02,0.02,,15
"July 15, 2003",0,0,0,,15
"July 14, 2003",0,0,0,,130
"July 13, 2003",0,0,0.21,,30
"July 12, 2003",0,0.21,0.21,,30
"July 11, 2003",0.21,0.21,0.31,,100
"July 10, 2003",0,0.1,0.1,,36
"July 9, 2003",0.1,0.1,0.1,,5
"July 8, 2003",0,0,0,,70
"July 7, 2003",0,0,0,,25
"July 2, 2003",0,0,0,,46
"July 1, 2003",0,0,0,,102
"June 27, 2003",0,0,0,,76
"June 26, 2003",0,0,0,,114
"June 24, 2003",0,0.03,1.79,,260
"June 20, 2003",0,0,0.16,,250
"August 30, 2002",0.05,0.89,0.89,,6000
"August 29, 2002",0.84,0.84,0.84,,30
"August 23, 2002",0.02,0.49,0.49,,90
"August 22, 2002",0.47,0.47,0.81,,4
"August 21, 2002",0,0.34,0.34,<,5
"August 20, 2002",0.34,0.34,0.34,,25
"August 19, 2002",0,0,0,<,5
"August 18, 2002",0,0,0.02,,5
"August 17, 2002",0,0.02,0.02,,5
"August 16, 2002",0.02,0.02,0.02,,20
"August 15, 2002",0,0,0,,6
"August 14, 2002",0,0,0,,35
"August 13, 2002",0,0,0,,70
"August 12, 2002",0,0,0,,5
"August 11, 2002",0,0,0,,20
"August 10, 2002",0,0,0,,15
"August 9, 2002",0,0,0,,12
"August 8, 2002",0,0,0,<,2
"August 7, 2002",0,0,0,,5
"August 6, 2002",0,0,0,<,5
"August 5, 2002",0,0,0,,5
"August 4, 2002",0,0,0.11,<,5
"August 3, 2002",0,0.11,0.11,,5
"August 2, 2002",0.11,0.11,0.11,,12
"August 1, 2002",0,0,0,,12
"July 31, 2002",0,0,0,,15
"July 30, 2002",0,0,0.02,,5
"July 29, 2002",0,0.02,0.09,,25
"July 28, 2002",0.02,0.09,0.09,<,5
"July 27, 2002",0.07,0.07,0.07,,20
"July 26, 2002",0,0,0,,54
"July 25, 2002",0,0,0.46,,68
"July 24, 2002",0,0.46,0.46,<,5
"July 23, 2002",0.46,0.46,0.46,,30
"July 22, 2002",0,0,0,<,5
"July 21, 2002",0,0,0.2,,5
"July 20, 2002",0,0.2,0.2,,75
"July 19, 2002",0.2,0.2,0.2,,1400
"July 18, 2002",0,0,0,,28
"July 17, 2002",0,0,0.05,,25
"July 16, 2002",0,0.05,0.05,,55
"July 15, 2002",0.05,0.05,0.05,,50
"July 14, 2002",0,0,0,,5
"July 13, 2002",0,0,0,,5
"July 12, 2002",0,0,0.01,,20
"July 11, 2002",0,0.01,0.62,,70
"July 10, 2002",0.01,0.62,0.62,,25
"July 9, 2002",0.61,0.61,0.61,<,5
"July 8, 2002",0,0,0,<,5
"July 7, 2002",0,0,0,,5
"July 6, 2002",0,0,0,<,5
"July 5, 2002",0,0,0,,40
"July 3, 2002",0,0,0,,25
"July 2, 2002",0,0,0,,65
"July 1, 2002",0,0,0,<,5
"June 28, 2002",0.01,1.33,1.33,,56
"June 27, 2002",1.32,1.32,1.32,,48
"June 20, 2002",0,0.02,0.02,,28
"September 13, 2001",0.05,0.05,0.05,,2
"September 3, 2001",0,0,0.02,,5
"September 2, 2001",0,0.02,0.02,<,5
"September 1, 2001",0.02,0.02,0.02,<,5
"August 31, 2001",0,0,0,,12
"August 30, 2001",0,0,0,,20
"August 29, 2001",0,0,0.1,,70
"August 28, 2001",0,0.1,0.1,,55
"August 27, 2001",0.1,0.1,0.1,,5
"August 26, 2001",0,0,0,,5
"August 25, 2001",0,0,0,,45
"August 24, 2001",0,0,0,,96
"August 23, 2001",0,0,0,,100
"August 22, 2001",0,0,0.3,<,5
"August 21, 2001",0,0.3,0.3,,25
"August 20, 2001",0.3,0.3,0.3,,390
"August 19, 2001",0,0,0.17,,405
"August 18, 2001",0,0.17,0.17,,50
"August 17, 2001",0.17,0.17,0.17,,68
"August 16, 2001",0,0,0,,98
"August 15, 2001",0,0,0.36,,15
"August 14, 2001",0,0.36,1.48,,100
"August 13, 2001",0.36,1.48,1.48,,140
"August 12, 2001",1.12,1.12,1.6,,4280
"August 11, 2001",0,0.48,0.48,,135
"August 10, 2001",0.48,0.48,0.48,,8
"August 8, 2001",0,0,0,,10
"August 7, 2001",0,0,0,,20
"August 6, 2001",0,0,0.04,,40
"August 5, 2001",0,0.04,1.61,,5
"August 4, 2001",0.04,1.61,1.61,,180
"August 3, 2001",1.57,1.57,1.57,,14
"August 2, 2001",0,0,0,,90
"August 1, 2001",0,0,0,,15
"July 31, 2001",0,0,0,<,5
"July 30, 2001",0,0,0,<,5
"July 29, 2001",0,0,0,<,5
"July 28, 2001",0,0,0.21,<,5
"July 27, 2001",0,0.21,0.21,,82
"July 26, 2001",0.21,0.21,0.21,,4
"July 25, 2001",0,0,0,<,5
"July 24, 2001",0,0,0,,10
"July 23, 2001",0,0,0,,10
"July 22, 2001",0,0,0,,10
"July 21, 2001",0,0,0,,5
"July 20, 2001",0,0,0,,42
"July 19, 2001",0,0,0.3,,110
"July 18, 2001",0,0.3,0.3,,5
"July 17, 2001",0.3,0.3,0.3,,15
"July 16, 2001",0,0,0,<,5
"July 15, 2001",0,0,0,,10
"July 14, 2001",0,0,0.02,,25
"July 13, 2001",0,0.02,0.03,,30
"July 12, 2001",0.02,0.03,0.24,,10
"July 11, 2001",0.01,0.22,0.22,,50
"July 10, 2001",0.21,0.21,0.3,,10
"July 9, 2001",0,0.09,0.09,,25
"July 8, 2001",0.09,0.09,0.09,,15
"July 7, 2001",0,0,0.62,,35
"July 6, 2001",0,0.62,0.62,,86
"July 5, 2001",0.62,0.62,0.62,,34
"July 4, 2001",0,0,0,,10
"July 3, 2001",0,0,0.67,,15
"July 2, 2001",0,0.67,1.64,,60
"July 1, 2001",0.67,1.64,1.64,,115
"June 30, 2001",0.97,0.97,0.97,<,5
"June 29, 2001",0,0,0,,158
"June 28, 2001",0,0,0,,118
"June 27, 2001",0,0,0,,10
"June 26, 2001",0,0,0.04,,50
"June 25, 2001",0,0.04,0.46,,10
"June 24, 2001",0.04,0.46,0.46,,40
"June 23, 2001",0.42,0.42,0.42,,50
"June 22, 2001",0,0,0.32,,88
"June 21, 2001",0,0.32,0.32,,300
